msisdn,age,gender
subscribers_00000,95,female
subscribers_00001,30,male
subscribers_00002,59,male
subscribers_00003,44,female
subscribers_00004,33,male
subscribers_00005,30,female
subscribers_00006,54,female
subscribers_00007,46,female
subscribers_00008,39,female
subscribers_00009,20,female
subscribers_00010,65,female
subscribers_00011,29,female
subscribers_00012,22,female
subscribers_00013,17,male
subscribers_00014,74,male
subscribers_00015,38,female
subscribers_00016,20,female
subscribers_00017,22,male
subscribers_00018,62,male
subscribers_00019,30,male
subscribers_00020,28,female
subscribers_00021,58,male
subscribers_00022,34,male
subscribers_00023,59,male
subscribers_00024,25,male
subscribers_00025,60,female
subscribers_00026,22,female
subscribers_00027,22,male
subscribers_00028,72,male
subscribers_00029,72,female
subscribers_00030,41,male
subscribers_00031,65,male
subscribers_00032,22,male
subscribers_00033,38,female
subscribers_00034,54,male
subscribers_00035,42,male
subscribers_00036,61,male
subscribers_00037,64,male
subscribers_00038,75,female
subscribers_00039,64,female
subscribers_00040,35,female
subscribers_00041,25,male
subscribers_00042,66,male
subscribers_00043,52,male
subscribers_00044,53,female
subscribers_00045,54,female
subscribers_00046,30,male
subscribers_00047,94,female
subscribers_00048,36,male
subscribers_00049,84,female
subscribers_00050,19,male
subscribers_00051,57,male
subscribers_00052,62,male
subscribers_00053,54,female
subscribers_00054,58,female
subscribers_00055,64,male
subscribers_00056,68,female
subscribers_00057,36,male
subscribers_00058,33,female
subscribers_00059,33,male
subscribers_00060,21,female
subscribers_00061,29,male
subscribers_00062,59,female
subscribers_00063,21,female
subscribers_00064,39,female
subscribers_00065,62,male
subscribers_00066,29,male
subscribers_00067,33,male
subscribers_00068,40,male
subscribers_00069,61,female
subscribers_00070,24,female
subscribers_00071,18,male
subscribers_00072,22,male
subscribers_00073,53,male
subscribers_00074,71,male
subscribers_00075,43,male
subscribers_00076,68,male
subscribers_00077,34,female
subscribers_00078,16,male
subscribers_00079,51,female
subscribers_00080,64,male
subscribers_00081,61,female
subscribers_00082,49,male
subscribers_00083,74,female
subscribers_00084,29,female
subscribers_00085,69,male
subscribers_00086,34,female
subscribers_00087,38,female
subscribers_00088,30,male
subscribers_00089,26,female
subscribers_00090,21,male
subscribers_00091,36,female
subscribers_00092,44,female
subscribers_00093,26,male
subscribers_00094,89,female
subscribers_00095,50,male
subscribers_00096,46,male
subscribers_00097,59,male
subscribers_00098,25,female
subscribers_00099,16,male
subscribers_00100,17,male
subscribers_00101,22,female
subscribers_00102,69,male
subscribers_00103,45,female
subscribers_00104,37,female
subscribers_00105,25,male
subscribers_00106,64,male
subscribers_00107,64,male
subscribers_00108,40,female
subscribers_00109,29,female
subscribers_00110,27,female
subscribers_00111,20,female
subscribers_00112,55,female
subscribers_00113,63,female
subscribers_00114,45,female
subscribers_00115,47,male
subscribers_00116,58,male
subscribers_00117,40,male
subscribers_00118,49,female
subscribers_00119,20,male
subscribers_00120,55,male
subscribers_00121,26,female
subscribers_00122,30,female
subscribers_00123,62,male
subscribers_00124,69,female
subscribers_00125,34,male
subscribers_00126,22,female
subscribers_00127,34,female
subscribers_00128,30,female
subscribers_00129,45,male
subscribers_00130,55,male
subscribers_00131,15,male
subscribers_00132,17,male
subscribers_00133,52,male
subscribers_00134,29,male
subscribers_00135,33,male
subscribers_00136,25,male
subscribers_00137,69,female
subscribers_00138,35,female
subscribers_00139,60,male
subscribers_00140,30,male
subscribers_00141,20,female
subscribers_00142,52,male
subscribers_00143,55,female
subscribers_00144,36,male
subscribers_00145,17,male
subscribers_00146,47,female
subscribers_00147,73,male
subscribers_00148,70,female
subscribers_00149,22,female
subscribers_00150,65,female
subscribers_00151,57,male
subscribers_00152,53,male
subscribers_00153,61,female
subscribers_00154,22,female
subscribers_00155,17,male
subscribers_00156,32,female
subscribers_00157,40,female
subscribers_00158,38,female
subscribers_00159,63,male
subscribers_00160,16,male
subscribers_00161,44,male
subscribers_00162,30,male
subscribers_00163,28,female
subscribers_00164,58,male
subscribers_00165,71,female
subscribers_00166,38,male
subscribers_00167,69,male
subscribers_00168,24,male
subscribers_00169,60,male
subscribers_00170,23,male
subscribers_00171,50,male
subscribers_00172,15,male
subscribers_00173,16,male
subscribers_00174,53,male
subscribers_00175,34,male
subscribers_00176,23,female
subscribers_00177,32,female
subscribers_00178,51,male
subscribers_00179,15,female
subscribers_00180,35,female
subscribers_00181,36,male
subscribers_00182,46,female
subscribers_00183,44,female
subscribers_00184,32,female
subscribers_00185,20,male
subscribers_00186,47,male
subscribers_00187,74,male
subscribers_00188,53,female
subscribers_00189,68,male
subscribers_00190,40,male
subscribers_00191,23,male
subscribers_00192,16,female
subscribers_00193,62,female
subscribers_00194,55,female
subscribers_00195,17,female
subscribers_00196,46,female
subscribers_00197,19,female
subscribers_00198,28,male
subscribers_00199,26,male
subscribers_00200,17,male
subscribers_00201,17,male
subscribers_00202,34,female
subscribers_00203,30,female
subscribers_00204,36,male
subscribers_00205,78,male
subscribers_00206,41,male
subscribers_00207,54,male
subscribers_00208,31,female
subscribers_00209,27,male
subscribers_00210,52,male
subscribers_00211,37,female
subscribers_00212,23,female
subscribers_00213,48,female
subscribers_00214,52,female
subscribers_00215,30,female
subscribers_00216,17,female
subscribers_00217,51,female
subscribers_00218,34,female
subscribers_00219,39,female
subscribers_00220,38,male
subscribers_00221,43,male
subscribers_00222,37,female
subscribers_00223,22,male
subscribers_00224,16,male
subscribers_00225,55,male
subscribers_00226,47,male
subscribers_00227,92,male
subscribers_00228,28,male
subscribers_00229,57,female
subscribers_00230,39,male
subscribers_00231,29,female
subscribers_00232,39,female
subscribers_00233,67,female
subscribers_00234,20,male
subscribers_00235,30,male
subscribers_00236,60,male
subscribers_00237,41,male
subscribers_00238,37,male
subscribers_00239,39,male
subscribers_00240,15,female
subscribers_00241,22,female
subscribers_00242,24,male
subscribers_00243,66,female
subscribers_00244,27,male
subscribers_00245,17,male
subscribers_00246,65,male
subscribers_00247,26,female
subscribers_00248,18,male
subscribers_00249,51,female
subscribers_00250,33,male
subscribers_00251,34,female
subscribers_00252,38,male
subscribers_00253,17,male
subscribers_00254,60,female
subscribers_00255,19,female
subscribers_00256,48,male
subscribers_00257,16,female
subscribers_00258,25,male
subscribers_00259,37,male
subscribers_00260,55,male
subscribers_00261,25,female
subscribers_00262,52,male
subscribers_00263,43,female
subscribers_00264,21,female
subscribers_00265,76,female
subscribers_00266,34,female
subscribers_00267,28,female
subscribers_00268,50,male
subscribers_00269,46,male
subscribers_00270,49,male
subscribers_00271,61,female
subscribers_00272,37,male
subscribers_00273,55,male
subscribers_00274,70,female
subscribers_00275,16,female
subscribers_00276,43,male
subscribers_00277,23,male
subscribers_00278,59,male
subscribers_00279,22,female
subscribers_00280,30,male
subscribers_00281,18,male
subscribers_00282,20,male
subscribers_00283,70,male
subscribers_00284,21,female
subscribers_00285,24,female
subscribers_00286,19,female
subscribers_00287,27,female
subscribers_00288,33,male
subscribers_00289,44,male
subscribers_00290,75,male
subscribers_00291,57,female
subscribers_00292,44,male
subscribers_00293,23,male
subscribers_00294,50,male
subscribers_00295,16,female
subscribers_00296,43,female
subscribers_00297,39,male
subscribers_00298,16,male
subscribers_00299,56,female
subscribers_00300,17,female
subscribers_00301,37,male
subscribers_00302,40,male
subscribers_00303,17,male
subscribers_00304,43,female
subscribers_00305,38,male
subscribers_00306,25,male
subscribers_00307,58,male
subscribers_00308,23,female
subscribers_00309,51,male
subscribers_00310,29,male
subscribers_00311,78,male
subscribers_00312,49,male
subscribers_00313,27,male
subscribers_00314,52,male
subscribers_00315,47,male
subscribers_00316,15,female
subscribers_00317,29,female
subscribers_00318,83,male
subscribers_00319,49,male
subscribers_00320,58,female
subscribers_00321,48,female
subscribers_00322,57,female
subscribers_00323,51,male
subscribers_00324,58,male
subscribers_00325,25,male
subscribers_00326,71,female
subscribers_00327,27,male
subscribers_00328,53,female
subscribers_00329,27,female
subscribers_00330,19,female
subscribers_00331,23,male
subscribers_00332,22,female
subscribers_00333,73,female
subscribers_00334,23,male
subscribers_00335,18,male
subscribers_00336,53,female
subscribers_00337,22,female
subscribers_00338,44,female
subscribers_00339,39,male
subscribers_00340,37,male
subscribers_00341,15,female
subscribers_00342,49,female
subscribers_00343,71,female
subscribers_00344,45,female
subscribers_00345,46,male
subscribers_00346,50,male
subscribers_00347,67,male
subscribers_00348,52,female
subscribers_00349,47,male
subscribers_00350,60,female
subscribers_00351,87,male
subscribers_00352,42,male
subscribers_00353,51,female
subscribers_00354,33,female
subscribers_00355,53,male
subscribers_00356,27,male
subscribers_00357,60,female
subscribers_00358,81,female
subscribers_00359,17,male
subscribers_00360,19,male
subscribers_00361,15,female
subscribers_00362,21,male
subscribers_00363,29,female
subscribers_00364,65,male
subscribers_00365,41,male
subscribers_00366,68,female
subscribers_00367,16,female
subscribers_00368,31,female
subscribers_00369,43,male
subscribers_00370,30,female
subscribers_00371,72,female
subscribers_00372,38,male
subscribers_00373,39,female
subscribers_00374,23,female
subscribers_00375,37,male
subscribers_00376,64,female
subscribers_00377,65,male
subscribers_00378,23,female
subscribers_00379,27,female
subscribers_00380,39,female
subscribers_00381,80,female
subscribers_00382,46,female
subscribers_00383,44,female
subscribers_00384,17,male
subscribers_00385,22,female
subscribers_00386,42,male
subscribers_00387,17,male
subscribers_00388,25,male
subscribers_00389,56,male
subscribers_00390,29,male
subscribers_00391,54,female
subscribers_00392,48,male
subscribers_00393,58,male
subscribers_00394,33,male
subscribers_00395,22,male
subscribers_00396,48,female
subscribers_00397,18,female
subscribers_00398,47,male
subscribers_00399,37,female
subscribers_00400,35,female
subscribers_00401,44,female
subscribers_00402,54,male
subscribers_00403,31,male
subscribers_00404,38,female
subscribers_00405,53,female
subscribers_00406,29,female
subscribers_00407,49,female
subscribers_00408,64,female
subscribers_00409,30,male
subscribers_00410,20,male
subscribers_00411,47,female
subscribers_00412,28,female
subscribers_00413,32,male
subscribers_00414,19,male
subscribers_00415,23,male
subscribers_00416,41,male
subscribers_00417,47,female
subscribers_00418,39,female
subscribers_00419,70,male
subscribers_00420,57,female
subscribers_00421,26,female
subscribers_00422,32,male
subscribers_00423,63,female
subscribers_00424,48,male
subscribers_00425,57,female
subscribers_00426,25,male
subscribers_00427,41,female
subscribers_00428,27,male
subscribers_00429,35,male
subscribers_00430,60,male
subscribers_00431,20,male
subscribers_00432,60,male
subscribers_00433,81,male
subscribers_00434,15,female
subscribers_00435,56,male
subscribers_00436,32,male
subscribers_00437,21,female
subscribers_00438,34,male
subscribers_00439,43,male
subscribers_00440,76,male
subscribers_00441,46,female
subscribers_00442,23,male
subscribers_00443,30,male
subscribers_00444,44,female
subscribers_00445,36,male
subscribers_00446,53,female
subscribers_00447,34,male
subscribers_00448,41,male
subscribers_00449,60,female
subscribers_00450,43,male
subscribers_00451,79,female
subscribers_00452,19,male
subscribers_00453,36,female
subscribers_00454,60,male
subscribers_00455,63,male
subscribers_00456,67,female
subscribers_00457,33,female
subscribers_00458,53,female
subscribers_00459,58,male
subscribers_00460,23,male
subscribers_00461,29,female
subscribers_00462,45,male
subscribers_00463,32,female
subscribers_00464,23,male
subscribers_00465,25,female
subscribers_00466,28,female
subscribers_00467,27,male
subscribers_00468,71,female
subscribers_00469,51,male
subscribers_00470,56,female
subscribers_00471,33,female
subscribers_00472,27,female
subscribers_00473,32,male
subscribers_00474,53,male
subscribers_00475,37,female
subscribers_00476,43,male
subscribers_00477,46,female
subscribers_00478,24,male
subscribers_00479,92,male
subscribers_00480,50,female
subscribers_00481,40,male
subscribers_00482,38,female
subscribers_00483,76,male
subscribers_00484,35,female
subscribers_00485,39,male
subscribers_00486,42,male
subscribers_00487,63,female
subscribers_00488,60,female
subscribers_00489,88,male
subscribers_00490,66,male
subscribers_00491,17,male
subscribers_00492,26,male
subscribers_00493,60,female
subscribers_00494,69,male
subscribers_00495,49,male
subscribers_00496,65,male
subscribers_00497,25,male
subscribers_00498,52,male
subscribers_00499,25,female
subscribers_00500,22,male
subscribers_00501,48,female
subscribers_00502,66,male
subscribers_00503,42,male
subscribers_00504,49,male
subscribers_00505,60,male
subscribers_00506,65,female
subscribers_00507,22,female
subscribers_00508,50,female
subscribers_00509,41,female
subscribers_00510,15,female
subscribers_00511,52,female
subscribers_00512,51,male
subscribers_00513,27,female
subscribers_00514,54,male
subscribers_00515,62,female
subscribers_00516,20,female
subscribers_00517,31,male
subscribers_00518,21,female
subscribers_00519,31,female
subscribers_00520,52,female
subscribers_00521,34,female
subscribers_00522,20,female
subscribers_00523,49,female
subscribers_00524,21,female
subscribers_00525,22,male
subscribers_00526,29,male
subscribers_00527,51,female
subscribers_00528,74,male
subscribers_00529,62,female
subscribers_00530,23,female
subscribers_00531,23,male
subscribers_00532,57,female
subscribers_00533,30,male
subscribers_00534,28,male
subscribers_00535,30,male
subscribers_00536,63,female
subscribers_00537,46,male
subscribers_00538,64,male
subscribers_00539,26,male
subscribers_00540,33,male
subscribers_00541,15,male
subscribers_00542,85,male
subscribers_00543,71,male
subscribers_00544,54,female
subscribers_00545,43,female
subscribers_00546,36,male
subscribers_00547,55,male
subscribers_00548,37,male
subscribers_00549,35,male
subscribers_00550,46,female
subscribers_00551,44,female
subscribers_00552,46,male
subscribers_00553,41,female
subscribers_00554,32,female
subscribers_00555,34,male
subscribers_00556,53,female
subscribers_00557,29,male
subscribers_00558,18,female
subscribers_00559,39,male
subscribers_00560,37,female
subscribers_00561,55,female
subscribers_00562,19,male
subscribers_00563,70,female
subscribers_00564,18,male
subscribers_00565,47,male
subscribers_00566,29,female
subscribers_00567,53,male
subscribers_00568,55,female
subscribers_00569,24,female
subscribers_00570,24,male
subscribers_00571,27,female
subscribers_00572,28,female
subscribers_00573,18,female
subscribers_00574,95,female
subscribers_00575,32,male
subscribers_00576,28,female
subscribers_00577,42,female
subscribers_00578,24,male
subscribers_00579,21,female
subscribers_00580,46,female
subscribers_00581,24,male
subscribers_00582,23,female
subscribers_00583,52,male
subscribers_00584,42,male
subscribers_00585,32,male
subscribers_00586,30,female
subscribers_00587,23,female
subscribers_00588,39,male
subscribers_00589,54,male
subscribers_00590,29,female
subscribers_00591,53,male
subscribers_00592,36,male
subscribers_00593,38,male
subscribers_00594,26,female
subscribers_00595,18,male
subscribers_00596,45,female
subscribers_00597,24,male
subscribers_00598,58,female
subscribers_00599,64,female
subscribers_00600,18,female
subscribers_00601,28,male
subscribers_00602,49,female
subscribers_00603,59,male
subscribers_00604,47,female
subscribers_00605,64,female
subscribers_00606,42,male
subscribers_00607,32,male
subscribers_00608,56,female
subscribers_00609,23,male
subscribers_00610,57,female
subscribers_00611,81,male
subscribers_00612,63,female
subscribers_00613,38,male
subscribers_00614,19,male
subscribers_00615,47,male
subscribers_00616,28,female
subscribers_00617,27,male
subscribers_00618,21,male
subscribers_00619,25,female
subscribers_00620,40,male
subscribers_00621,64,female
subscribers_00622,19,female
subscribers_00623,24,male
subscribers_00624,17,female
subscribers_00625,27,female
subscribers_00626,31,female
subscribers_00627,52,female
subscribers_00628,45,male
subscribers_00629,30,male
subscribers_00630,45,male
subscribers_00631,30,male
subscribers_00632,43,female
subscribers_00633,42,male
subscribers_00634,69,male
subscribers_00635,40,male
subscribers_00636,59,male
subscribers_00637,54,female
subscribers_00638,32,female
subscribers_00639,46,female
subscribers_00640,26,female
subscribers_00641,56,male
subscribers_00642,32,female
subscribers_00643,53,female
subscribers_00644,46,female
subscribers_00645,67,male
subscribers_00646,33,male
subscribers_00647,47,female
subscribers_00648,27,female
subscribers_00649,37,female
subscribers_00650,17,female
subscribers_00651,64,male
subscribers_00652,35,female
subscribers_00653,46,female
subscribers_00654,21,male
subscribers_00655,17,male
subscribers_00656,53,male
subscribers_00657,55,female
subscribers_00658,20,female
subscribers_00659,58,male
subscribers_00660,40,female
subscribers_00661,15,male
subscribers_00662,48,male
subscribers_00663,79,male
subscribers_00664,25,female
subscribers_00665,47,female
subscribers_00666,70,male
subscribers_00667,54,female
subscribers_00668,36,female
subscribers_00669,60,male
subscribers_00670,31,male
subscribers_00671,40,female
subscribers_00672,69,male
subscribers_00673,43,male
subscribers_00674,46,male
subscribers_00675,59,female
subscribers_00676,55,female
subscribers_00677,65,male
subscribers_00678,56,female
subscribers_00679,30,female
subscribers_00680,63,female
subscribers_00681,34,female
subscribers_00682,32,female
subscribers_00683,62,female
subscribers_00684,57,female
subscribers_00685,39,male
subscribers_00686,29,male
subscribers_00687,75,female
subscribers_00688,41,male
subscribers_00689,41,female
subscribers_00690,20,female
subscribers_00691,62,female
subscribers_00692,45,male
subscribers_00693,27,female
subscribers_00694,49,female
subscribers_00695,41,female
subscribers_00696,57,female
subscribers_00697,42,female
subscribers_00698,16,female
subscribers_00699,52,female
subscribers_00700,60,male
subscribers_00701,17,female
subscribers_00702,26,female
subscribers_00703,42,male
subscribers_00704,64,female
subscribers_00705,78,female
subscribers_00706,16,male
subscribers_00707,33,male
subscribers_00708,27,male
subscribers_00709,29,female
subscribers_00710,46,male
subscribers_00711,48,male
subscribers_00712,15,female
subscribers_00713,61,female
subscribers_00714,62,male
subscribers_00715,83,female
subscribers_00716,42,male
subscribers_00717,39,female
subscribers_00718,37,male
subscribers_00719,51,male
subscribers_00720,15,male
subscribers_00721,46,male
subscribers_00722,51,female
subscribers_00723,25,female
subscribers_00724,18,male
subscribers_00725,51,male
subscribers_00726,37,male
subscribers_00727,21,female
subscribers_00728,24,male
subscribers_00729,62,male
subscribers_00730,23,male
subscribers_00731,19,male
subscribers_00732,18,female
subscribers_00733,18,male
subscribers_00734,23,female
subscribers_00735,43,male
subscribers_00736,23,male
subscribers_00737,52,male
subscribers_00738,30,male
subscribers_00739,19,female
subscribers_00740,61,female
subscribers_00741,23,male
subscribers_00742,16,male
subscribers_00743,65,male
subscribers_00744,50,female
subscribers_00745,69,female
subscribers_00746,28,male
subscribers_00747,15,male
subscribers_00748,58,male
subscribers_00749,15,female
subscribers_00750,54,male
subscribers_00751,65,male
subscribers_00752,24,male
subscribers_00753,25,male
subscribers_00754,63,male
subscribers_00755,48,female
subscribers_00756,67,male
subscribers_00757,27,male
subscribers_00758,28,female
subscribers_00759,16,male
subscribers_00760,54,male
subscribers_00761,60,female
subscribers_00762,20,male
subscribers_00763,74,male
subscribers_00764,41,female
subscribers_00765,52,female
subscribers_00766,61,male
subscribers_00767,16,male
subscribers_00768,48,female
subscribers_00769,49,female
subscribers_00770,65,female
subscribers_00771,42,female
subscribers_00772,42,female
subscribers_00773,50,male
subscribers_00774,68,male
subscribers_00775,82,female
subscribers_00776,47,male
subscribers_00777,18,female
subscribers_00778,61,male
subscribers_00779,48,male
subscribers_00780,38,female
subscribers_00781,24,female
subscribers_00782,69,male
subscribers_00783,66,female
subscribers_00784,74,female
subscribers_00785,76,male
subscribers_00786,60,male
subscribers_00787,45,male
subscribers_00788,46,male
subscribers_00789,24,male
subscribers_00790,40,male
subscribers_00791,16,male
subscribers_00792,43,male
subscribers_00793,39,male
subscribers_00794,15,male
subscribers_00795,23,male
subscribers_00796,44,male
subscribers_00797,34,male
subscribers_00798,18,male
subscribers_00799,63,male
subscribers_00800,75,male
subscribers_00801,18,female
subscribers_00802,24,male
subscribers_00803,30,male
subscribers_00804,81,male
subscribers_00805,28,male
subscribers_00806,25,female
subscribers_00807,24,male
subscribers_00808,30,male
subscribers_00809,27,male
subscribers_00810,21,male
subscribers_00811,40,male
subscribers_00812,22,female
subscribers_00813,37,female
subscribers_00814,58,male
subscribers_00815,28,male
subscribers_00816,39,male
subscribers_00817,58,female
subscribers_00818,68,female
subscribers_00819,28,male
subscribers_00820,39,male
subscribers_00821,63,female
subscribers_00822,35,female
subscribers_00823,46,male
subscribers_00824,17,male
subscribers_00825,58,male
subscribers_00826,58,male
subscribers_00827,19,male
subscribers_00828,69,female
subscribers_00829,41,male
subscribers_00830,69,male
subscribers_00831,83,male
subscribers_00832,41,female
subscribers_00833,20,female
subscribers_00834,78,male
subscribers_00835,64,female
subscribers_00836,43,female
subscribers_00837,25,male
subscribers_00838,46,male
subscribers_00839,43,female
subscribers_00840,64,male
subscribers_00841,51,female
subscribers_00842,31,male
subscribers_00843,56,female
subscribers_00844,33,male
subscribers_00845,49,male
subscribers_00846,20,female
subscribers_00847,24,male
subscribers_00848,21,female
subscribers_00849,66,female
subscribers_00850,17,male
subscribers_00851,42,male
subscribers_00852,67,female
subscribers_00853,64,male
subscribers_00854,63,female
subscribers_00855,46,female
subscribers_00856,33,female
subscribers_00857,29,male
subscribers_00858,58,female
subscribers_00859,28,male
subscribers_00860,58,female
subscribers_00861,31,male
subscribers_00862,33,male
subscribers_00863,80,female
subscribers_00864,26,male
subscribers_00865,15,female
subscribers_00866,57,male
subscribers_00867,27,male
subscribers_00868,26,male
subscribers_00869,56,male
subscribers_00870,25,female
subscribers_00871,15,male
subscribers_00872,21,male
subscribers_00873,50,female
subscribers_00874,46,female
subscribers_00875,16,male
subscribers_00876,34,male
subscribers_00877,45,female
subscribers_00878,35,female
subscribers_00879,52,female
subscribers_00880,20,male
subscribers_00881,38,female
subscribers_00882,34,male
subscribers_00883,63,female
subscribers_00884,29,male
subscribers_00885,37,female
subscribers_00886,51,female
subscribers_00887,28,female
subscribers_00888,37,male
subscribers_00889,17,female
subscribers_00890,21,male
subscribers_00891,69,male
subscribers_00892,64,female
subscribers_00893,36,male
subscribers_00894,45,female
subscribers_00895,27,male
subscribers_00896,57,male
subscribers_00897,27,female
subscribers_00898,48,female
subscribers_00899,53,male
subscribers_00900,28,female
subscribers_00901,23,male
subscribers_00902,47,male
subscribers_00903,66,male
subscribers_00904,47,female
subscribers_00905,40,male
subscribers_00906,33,male
subscribers_00907,35,male
subscribers_00908,77,female
subscribers_00909,69,male
subscribers_00910,19,male
subscribers_00911,15,male
subscribers_00912,62,female
subscribers_00913,39,male
subscribers_00914,66,male
subscribers_00915,57,male
subscribers_00916,63,male
subscribers_00917,16,male
subscribers_00918,44,female
subscribers_00919,57,male
subscribers_00920,62,male
subscribers_00921,57,female
subscribers_00922,18,male
subscribers_00923,22,female
subscribers_00924,65,female
subscribers_00925,24,female
subscribers_00926,41,male
subscribers_00927,34,male
subscribers_00928,55,male
subscribers_00929,23,male
subscribers_00930,20,female
subscribers_00931,24,male
subscribers_00932,41,male
subscribers_00933,34,female
subscribers_00934,58,male
subscribers_00935,41,female
subscribers_00936,65,male
subscribers_00937,45,male
subscribers_00938,34,male
subscribers_00939,17,male
subscribers_00940,38,male
subscribers_00941,38,male
subscribers_00942,69,female
subscribers_00943,25,female
subscribers_00944,64,male
subscribers_00945,45,female
subscribers_00946,23,female
subscribers_00947,32,male
subscribers_00948,34,female
subscribers_00949,39,female
subscribers_00950,23,female
subscribers_00951,35,male
subscribers_00952,15,female
subscribers_00953,57,female
subscribers_00954,53,female
subscribers_00955,34,female
subscribers_00956,29,female
subscribers_00957,62,female
subscribers_00958,62,female
subscribers_00959,35,male
subscribers_00960,20,female
subscribers_00961,79,male
subscribers_00962,48,male
subscribers_00963,24,male
subscribers_00964,41,male
subscribers_00965,33,male
subscribers_00966,51,male
subscribers_00967,47,male
subscribers_00968,23,female
subscribers_00969,55,female
subscribers_00970,64,male
subscribers_00971,54,female
subscribers_00972,45,male
subscribers_00973,76,male
subscribers_00974,70,male
subscribers_00975,44,male
subscribers_00976,65,female
subscribers_00977,60,male
subscribers_00978,40,male
subscribers_00979,27,female
subscribers_00980,29,male
subscribers_00981,33,male
subscribers_00982,23,male
subscribers_00983,55,female
subscribers_00984,58,female
subscribers_00985,71,male
subscribers_00986,52,female
subscribers_00987,28,male
subscribers_00988,29,female
subscribers_00989,30,female
subscribers_00990,43,female
subscribers_00991,19,male
subscribers_00992,26,male
subscribers_00993,16,male
subscribers_00994,59,female
subscribers_00995,22,male
subscribers_00996,57,male
subscribers_00997,43,female
subscribers_00998,26,female
subscribers_00999,24,male
subscribers_01000,42,male
subscribers_01001,32,male
subscribers_01002,71,male
subscribers_01003,38,male
subscribers_01004,18,female
subscribers_01005,20,male
subscribers_01006,15,male
subscribers_01007,65,female
subscribers_01008,19,female
subscribers_01009,68,male
subscribers_01010,28,male
subscribers_01011,25,female
subscribers_01012,23,female
subscribers_01013,23,male
subscribers_01014,33,male
subscribers_01015,69,male
subscribers_01016,49,male
subscribers_01017,55,female
subscribers_01018,30,male
subscribers_01019,69,female
subscribers_01020,30,male
subscribers_01021,51,male
subscribers_01022,20,female
subscribers_01023,28,male
subscribers_01024,50,male
subscribers_01025,55,male
subscribers_01026,55,male
subscribers_01027,31,female
subscribers_01028,49,female
subscribers_01029,18,male
subscribers_01030,60,female
subscribers_01031,21,male
subscribers_01032,37,female
subscribers_01033,56,female
subscribers_01034,25,male
subscribers_01035,70,male
subscribers_01036,48,male
subscribers_01037,62,female
subscribers_01038,23,male
subscribers_01039,39,female
subscribers_01040,54,male
subscribers_01041,21,male
subscribers_01042,55,female
subscribers_01043,17,male
subscribers_01044,59,male
subscribers_01045,61,male
subscribers_01046,62,male
subscribers_01047,30,female
subscribers_01048,29,male
subscribers_01049,57,male
subscribers_01050,56,male
subscribers_01051,30,male
subscribers_01052,71,male
subscribers_01053,25,female
subscribers_01054,15,female
subscribers_01055,17,female
subscribers_01056,17,male
subscribers_01057,20,female
subscribers_01058,52,female
subscribers_01059,37,male
subscribers_01060,29,male
subscribers_01061,51,male
subscribers_01062,57,female
subscribers_01063,36,male
subscribers_01064,47,male
subscribers_01065,30,female
subscribers_01066,22,male
subscribers_01067,42,female
subscribers_01068,25,female
subscribers_01069,60,male
subscribers_01070,26,male
subscribers_01071,41,female
subscribers_01072,51,female
subscribers_01073,52,male
subscribers_01074,29,female
subscribers_01075,27,female
subscribers_01076,37,male
subscribers_01077,15,male
subscribers_01078,58,male
subscribers_01079,22,female
subscribers_01080,26,female
subscribers_01081,33,male
subscribers_01082,27,male
subscribers_01083,16,male
subscribers_01084,20,male
subscribers_01085,54,male
subscribers_01086,27,male
subscribers_01087,30,male
subscribers_01088,20,male
subscribers_01089,36,male
subscribers_01090,23,male
subscribers_01091,21,female
subscribers_01092,41,male
subscribers_01093,23,female
subscribers_01094,55,female
subscribers_01095,65,male
subscribers_01096,39,female
subscribers_01097,58,male
subscribers_01098,62,male
subscribers_01099,16,female
subscribers_01100,36,female
subscribers_01101,28,male
subscribers_01102,83,male
subscribers_01103,21,male
subscribers_01104,70,female
subscribers_01105,22,male
subscribers_01106,47,male
subscribers_01107,35,female
subscribers_01108,50,female
subscribers_01109,18,female
subscribers_01110,55,male
subscribers_01111,59,female
subscribers_01112,55,female
subscribers_01113,65,male
subscribers_01114,76,male
subscribers_01115,40,female
subscribers_01116,55,female
subscribers_01117,46,male
subscribers_01118,47,male
subscribers_01119,37,male
subscribers_01120,19,female
subscribers_01121,65,female
subscribers_01122,41,male
subscribers_01123,31,male
subscribers_01124,45,male
subscribers_01125,52,female
subscribers_01126,21,male
subscribers_01127,47,male
subscribers_01128,64,male
subscribers_01129,47,male
subscribers_01130,22,male
subscribers_01131,44,female
subscribers_01132,57,female
subscribers_01133,18,female
subscribers_01134,22,female
subscribers_01135,55,female
subscribers_01136,22,male
subscribers_01137,15,female
subscribers_01138,64,male
subscribers_01139,52,female
subscribers_01140,53,male
subscribers_01141,45,male
subscribers_01142,15,female
subscribers_01143,42,male
subscribers_01144,15,male
subscribers_01145,46,female
subscribers_01146,23,female
subscribers_01147,32,male
subscribers_01148,59,male
subscribers_01149,44,male
subscribers_01150,20,female
subscribers_01151,64,male
subscribers_01152,24,male
subscribers_01153,27,male
subscribers_01154,30,male
subscribers_01155,30,male
subscribers_01156,53,male
subscribers_01157,18,female
subscribers_01158,16,male
subscribers_01159,47,female
subscribers_01160,23,male
subscribers_01161,46,male
subscribers_01162,40,female
subscribers_01163,26,male
subscribers_01164,64,male
subscribers_01165,80,male
subscribers_01166,72,male
subscribers_01167,43,male
subscribers_01168,35,male
subscribers_01169,62,male
subscribers_01170,30,female
subscribers_01171,20,male
subscribers_01172,37,male
subscribers_01173,52,female
subscribers_01174,24,female
subscribers_01175,30,female
subscribers_01176,52,male
subscribers_01177,77,female
subscribers_01178,65,female
subscribers_01179,27,male
subscribers_01180,17,female
subscribers_01181,33,male
subscribers_01182,32,female
subscribers_01183,36,female
subscribers_01184,58,male
subscribers_01185,44,male
subscribers_01186,16,female
subscribers_01187,54,female
subscribers_01188,23,male
subscribers_01189,53,male
subscribers_01190,27,female
subscribers_01191,60,male
subscribers_01192,25,male
subscribers_01193,30,male
subscribers_01194,27,female
subscribers_01195,27,male
subscribers_01196,39,female
subscribers_01197,28,male
subscribers_01198,35,female
subscribers_01199,19,male
subscribers_01200,80,male
subscribers_01201,41,male
subscribers_01202,16,male
subscribers_01203,16,female
subscribers_01204,34,male
subscribers_01205,62,male
subscribers_01206,42,male
subscribers_01207,48,male
subscribers_01208,69,male
subscribers_01209,34,female
subscribers_01210,23,female
subscribers_01211,39,male
subscribers_01212,39,female
subscribers_01213,48,female
subscribers_01214,18,male
subscribers_01215,26,male
subscribers_01216,44,male
subscribers_01217,22,male
subscribers_01218,47,female
subscribers_01219,62,male
subscribers_01220,40,female
subscribers_01221,39,male
subscribers_01222,62,male
subscribers_01223,65,male
subscribers_01224,45,male
subscribers_01225,35,male
subscribers_01226,28,male
subscribers_01227,49,male
subscribers_01228,50,male
subscribers_01229,18,male
subscribers_01230,33,male
subscribers_01231,65,male
subscribers_01232,40,female
subscribers_01233,61,male
subscribers_01234,56,female
subscribers_01235,18,male
subscribers_01236,69,male
subscribers_01237,54,male
subscribers_01238,72,male
subscribers_01239,37,female
subscribers_01240,44,male
subscribers_01241,37,female
subscribers_01242,71,female
subscribers_01243,38,male
subscribers_01244,49,female
subscribers_01245,31,female
subscribers_01246,36,male
subscribers_01247,44,male
subscribers_01248,76,male
subscribers_01249,58,female
subscribers_01250,34,male
subscribers_01251,41,female
subscribers_01252,30,male
subscribers_01253,69,female
subscribers_01254,31,female
subscribers_01255,67,male
subscribers_01256,57,female
subscribers_01257,26,male
subscribers_01258,41,male
subscribers_01259,55,female
subscribers_01260,18,female
subscribers_01261,41,male
subscribers_01262,30,male
subscribers_01263,48,female
subscribers_01264,69,female
subscribers_01265,46,male
subscribers_01266,49,male
subscribers_01267,31,female
subscribers_01268,27,male
subscribers_01269,29,male
subscribers_01270,35,female
subscribers_01271,18,female
subscribers_01272,49,female
subscribers_01273,77,female
subscribers_01274,19,male
subscribers_01275,27,male
subscribers_01276,26,male
subscribers_01277,19,female
subscribers_01278,63,male
subscribers_01279,73,female
subscribers_01280,35,male
subscribers_01281,53,female
subscribers_01282,70,male
subscribers_01283,30,male
subscribers_01284,48,male
subscribers_01285,15,male
subscribers_01286,35,male
subscribers_01287,55,male
subscribers_01288,16,male
subscribers_01289,35,male
subscribers_01290,37,male
subscribers_01291,52,male
subscribers_01292,19,female
subscribers_01293,23,female
subscribers_01294,16,female
subscribers_01295,42,male
subscribers_01296,64,male
subscribers_01297,35,female
subscribers_01298,30,female
subscribers_01299,17,male
subscribers_01300,42,female
subscribers_01301,42,female
subscribers_01302,49,male
subscribers_01303,54,female
subscribers_01304,16,female
subscribers_01305,34,male
subscribers_01306,28,male
subscribers_01307,47,male
subscribers_01308,58,female
subscribers_01309,20,male
subscribers_01310,62,female
subscribers_01311,57,female
subscribers_01312,63,female
subscribers_01313,52,male
subscribers_01314,47,male
subscribers_01315,56,female
subscribers_01316,55,male
subscribers_01317,22,female
subscribers_01318,21,male
subscribers_01319,18,male
subscribers_01320,50,male
subscribers_01321,47,male
subscribers_01322,51,male
subscribers_01323,17,female
subscribers_01324,29,male
subscribers_01325,67,female
subscribers_01326,45,female
subscribers_01327,49,male
subscribers_01328,23,female
subscribers_01329,65,male
subscribers_01330,17,male
subscribers_01331,60,female
subscribers_01332,71,male
subscribers_01333,17,male
subscribers_01334,52,male
subscribers_01335,54,male
subscribers_01336,34,female
subscribers_01337,16,male
subscribers_01338,43,male
subscribers_01339,63,male
subscribers_01340,37,female
subscribers_01341,45,male
subscribers_01342,29,male
subscribers_01343,47,male
subscribers_01344,64,male
subscribers_01345,74,female
subscribers_01346,51,female
subscribers_01347,75,male
subscribers_01348,54,female
subscribers_01349,52,male
subscribers_01350,42,male
subscribers_01351,17,female
subscribers_01352,29,male
subscribers_01353,44,female
subscribers_01354,49,male
subscribers_01355,57,male
subscribers_01356,65,male
subscribers_01357,26,male
subscribers_01358,17,male
subscribers_01359,61,female
subscribers_01360,24,male
subscribers_01361,51,male
subscribers_01362,17,male
subscribers_01363,41,male
subscribers_01364,15,female
subscribers_01365,59,female
subscribers_01366,24,male
subscribers_01367,59,female
subscribers_01368,57,male
subscribers_01369,66,male
subscribers_01370,37,male
subscribers_01371,18,male
subscribers_01372,22,female
subscribers_01373,31,male
subscribers_01374,28,male
subscribers_01375,52,female
subscribers_01376,24,female
subscribers_01377,29,female
subscribers_01378,25,male
subscribers_01379,48,female
subscribers_01380,30,male
subscribers_01381,67,male
subscribers_01382,38,male
subscribers_01383,64,male
subscribers_01384,61,female
subscribers_01385,29,male
subscribers_01386,22,male
subscribers_01387,48,male
subscribers_01388,37,male
subscribers_01389,63,male
subscribers_01390,37,male
subscribers_01391,38,male
subscribers_01392,59,female
subscribers_01393,24,male
subscribers_01394,24,male
subscribers_01395,41,female
subscribers_01396,36,male
subscribers_01397,49,male
subscribers_01398,61,female
subscribers_01399,57,male
subscribers_01400,35,male
subscribers_01401,29,female
subscribers_01402,49,female
subscribers_01403,25,female
subscribers_01404,21,male
subscribers_01405,65,female
subscribers_01406,29,female
subscribers_01407,31,male
subscribers_01408,86,male
subscribers_01409,63,female
subscribers_01410,25,male
subscribers_01411,36,male
subscribers_01412,50,male
subscribers_01413,17,male
subscribers_01414,47,male
subscribers_01415,43,male
subscribers_01416,63,female
subscribers_01417,50,female
subscribers_01418,59,male
subscribers_01419,27,female
subscribers_01420,95,female
subscribers_01421,75,female
subscribers_01422,67,male
subscribers_01423,51,female
subscribers_01424,51,male
subscribers_01425,36,male
subscribers_01426,17,male
subscribers_01427,39,male
subscribers_01428,53,male
subscribers_01429,55,male
subscribers_01430,24,male
subscribers_01431,22,female
subscribers_01432,38,female
subscribers_01433,73,male
subscribers_01434,16,female
subscribers_01435,24,male
subscribers_01436,20,female
subscribers_01437,65,male
subscribers_01438,59,male
subscribers_01439,57,male
subscribers_01440,62,male
subscribers_01441,33,female
subscribers_01442,40,female
subscribers_01443,52,female
subscribers_01444,20,female
subscribers_01445,27,male
subscribers_01446,56,male
subscribers_01447,63,male
subscribers_01448,53,female
subscribers_01449,39,male
subscribers_01450,69,male
subscribers_01451,43,female
subscribers_01452,50,female
subscribers_01453,24,female
subscribers_01454,50,male
subscribers_01455,33,female
subscribers_01456,18,male
subscribers_01457,58,female
subscribers_01458,38,male
subscribers_01459,15,female
subscribers_01460,45,male
subscribers_01461,69,male
subscribers_01462,28,female
subscribers_01463,30,female
subscribers_01464,89,female
subscribers_01465,44,male
subscribers_01466,53,female
subscribers_01467,65,female
subscribers_01468,29,female
subscribers_01469,22,female
subscribers_01470,25,male
subscribers_01471,70,female
subscribers_01472,19,female
subscribers_01473,52,male
subscribers_01474,24,male
subscribers_01475,27,female
subscribers_01476,29,female
subscribers_01477,50,female
subscribers_01478,27,male
subscribers_01479,35,female
subscribers_01480,38,male
subscribers_01481,56,male
subscribers_01482,32,male
subscribers_01483,42,male
subscribers_01484,52,male
subscribers_01485,66,male
subscribers_01486,37,male
subscribers_01487,43,male
subscribers_01488,58,male
subscribers_01489,49,male
subscribers_01490,17,male
subscribers_01491,33,male
subscribers_01492,57,female
subscribers_01493,63,male
subscribers_01494,41,male
subscribers_01495,65,female
subscribers_01496,28,female
subscribers_01497,87,female
subscribers_01498,76,female
subscribers_01499,65,male
subscribers_01500,38,male
subscribers_01501,66,male
subscribers_01502,53,male
subscribers_01503,19,female
subscribers_01504,59,female
subscribers_01505,45,male
subscribers_01506,65,male
subscribers_01507,63,female
subscribers_01508,44,female
subscribers_01509,48,female
subscribers_01510,59,male
subscribers_01511,59,female
subscribers_01512,26,male
subscribers_01513,46,male
subscribers_01514,49,male
subscribers_01515,29,female
subscribers_01516,36,female
subscribers_01517,27,female
subscribers_01518,72,female
subscribers_01519,46,female
subscribers_01520,43,female
subscribers_01521,18,male
subscribers_01522,50,female
subscribers_01523,41,female
subscribers_01524,54,male
subscribers_01525,73,female
subscribers_01526,80,male
subscribers_01527,20,male
subscribers_01528,19,male
subscribers_01529,63,female
subscribers_01530,63,female
subscribers_01531,71,female
subscribers_01532,25,male
subscribers_01533,90,male
subscribers_01534,67,male
subscribers_01535,51,female
subscribers_01536,18,female
subscribers_01537,22,female
subscribers_01538,16,male
subscribers_01539,44,male
subscribers_01540,30,female
subscribers_01541,56,male
subscribers_01542,48,male
subscribers_01543,55,female
subscribers_01544,53,female
subscribers_01545,61,male
subscribers_01546,21,male
subscribers_01547,68,male
subscribers_01548,28,female
subscribers_01549,42,female
subscribers_01550,27,male
subscribers_01551,59,female
subscribers_01552,26,male
subscribers_01553,58,female
subscribers_01554,40,male
subscribers_01555,33,male
subscribers_01556,62,male
subscribers_01557,20,male
subscribers_01558,44,male
subscribers_01559,54,female
subscribers_01560,18,male
subscribers_01561,77,male
subscribers_01562,62,female
subscribers_01563,24,male
subscribers_01564,19,male
subscribers_01565,41,male
subscribers_01566,20,male
subscribers_01567,29,male
subscribers_01568,33,female
subscribers_01569,91,male
subscribers_01570,62,female
subscribers_01571,46,male
subscribers_01572,19,male
subscribers_01573,27,male
subscribers_01574,49,male
subscribers_01575,40,female
subscribers_01576,28,female
subscribers_01577,45,female
subscribers_01578,38,female
subscribers_01579,61,female
subscribers_01580,26,male
subscribers_01581,72,male
subscribers_01582,37,female
subscribers_01583,26,female
subscribers_01584,21,female
subscribers_01585,46,male
subscribers_01586,65,male
subscribers_01587,36,female
subscribers_01588,29,female
subscribers_01589,60,female
subscribers_01590,70,male
subscribers_01591,62,female
subscribers_01592,46,female
subscribers_01593,39,female
subscribers_01594,53,male
subscribers_01595,40,male
subscribers_01596,16,female
subscribers_01597,15,female
subscribers_01598,61,male
subscribers_01599,77,male
subscribers_01600,45,male
subscribers_01601,16,male
subscribers_01602,79,male
subscribers_01603,25,male
subscribers_01604,44,female
subscribers_01605,27,male
subscribers_01606,36,male
subscribers_01607,54,female
subscribers_01608,44,male
subscribers_01609,52,male
subscribers_01610,66,male
subscribers_01611,40,female
subscribers_01612,19,female
subscribers_01613,52,male
subscribers_01614,20,female
subscribers_01615,21,male
subscribers_01616,64,female
subscribers_01617,49,female
subscribers_01618,21,male
subscribers_01619,19,male
subscribers_01620,68,male
subscribers_01621,94,female
subscribers_01622,33,male
subscribers_01623,44,male
subscribers_01624,73,female
subscribers_01625,46,female
subscribers_01626,28,male
subscribers_01627,58,male
subscribers_01628,34,female
subscribers_01629,37,female
subscribers_01630,83,female
subscribers_01631,51,female
subscribers_01632,40,male
subscribers_01633,63,female
subscribers_01634,65,male
subscribers_01635,21,male
subscribers_01636,29,female
subscribers_01637,22,male
subscribers_01638,17,male
subscribers_01639,22,male
subscribers_01640,77,male
subscribers_01641,36,female
subscribers_01642,48,male
subscribers_01643,29,male
subscribers_01644,55,male
subscribers_01645,70,male
subscribers_01646,33,female
subscribers_01647,43,female
subscribers_01648,70,male
subscribers_01649,55,male
subscribers_01650,63,male
subscribers_01651,61,male
subscribers_01652,48,female
subscribers_01653,56,male
subscribers_01654,47,male
subscribers_01655,60,male
subscribers_01656,61,female
subscribers_01657,63,male
subscribers_01658,51,male
subscribers_01659,41,male
subscribers_01660,44,male
subscribers_01661,58,female
subscribers_01662,64,male
subscribers_01663,30,male
subscribers_01664,23,female
subscribers_01665,41,male
subscribers_01666,65,male
subscribers_01667,22,male
subscribers_01668,25,female
subscribers_01669,15,male
subscribers_01670,36,female
subscribers_01671,68,male
subscribers_01672,51,female
subscribers_01673,76,male
subscribers_01674,35,male
subscribers_01675,23,female
subscribers_01676,27,female
subscribers_01677,36,male
subscribers_01678,67,female
subscribers_01679,55,female
subscribers_01680,29,male
subscribers_01681,32,female
subscribers_01682,48,male
subscribers_01683,40,male
subscribers_01684,43,male
subscribers_01685,50,male
subscribers_01686,22,male
subscribers_01687,72,male
subscribers_01688,62,male
subscribers_01689,55,female
subscribers_01690,50,female
subscribers_01691,65,female
subscribers_01692,18,female
subscribers_01693,26,female
subscribers_01694,73,male
subscribers_01695,58,male
subscribers_01696,50,male
subscribers_01697,25,male
subscribers_01698,19,male
subscribers_01699,79,male
subscribers_01700,16,female
subscribers_01701,50,female
subscribers_01702,71,female
subscribers_01703,50,female
subscribers_01704,27,male
subscribers_01705,23,female
subscribers_01706,26,male
subscribers_01707,47,female
subscribers_01708,50,male
subscribers_01709,61,female
subscribers_01710,46,male
subscribers_01711,63,male
subscribers_01712,38,male
subscribers_01713,16,female
subscribers_01714,50,male
subscribers_01715,67,female
subscribers_01716,57,female
subscribers_01717,58,female
subscribers_01718,44,female
subscribers_01719,30,male
subscribers_01720,62,male
subscribers_01721,16,male
subscribers_01722,60,male
subscribers_01723,39,male
subscribers_01724,42,female
subscribers_01725,28,female
subscribers_01726,17,female
subscribers_01727,52,male
subscribers_01728,33,male
subscribers_01729,49,male
subscribers_01730,50,male
subscribers_01731,37,female
subscribers_01732,25,male
subscribers_01733,60,male
subscribers_01734,62,male
subscribers_01735,55,female
subscribers_01736,16,female
subscribers_01737,37,male
subscribers_01738,25,male
subscribers_01739,22,female
subscribers_01740,54,female
subscribers_01741,59,female
subscribers_01742,49,male
subscribers_01743,50,male
subscribers_01744,46,female
subscribers_01745,47,male
subscribers_01746,20,male
subscribers_01747,61,female
subscribers_01748,72,male
subscribers_01749,50,female
subscribers_01750,49,male
subscribers_01751,28,female
subscribers_01752,64,male
subscribers_01753,37,male
subscribers_01754,42,female
subscribers_01755,17,male
subscribers_01756,42,female
subscribers_01757,50,female
subscribers_01758,40,male
subscribers_01759,17,male
subscribers_01760,34,male
subscribers_01761,57,female
subscribers_01762,68,male
subscribers_01763,67,female
subscribers_01764,24,female
subscribers_01765,37,female
subscribers_01766,62,male
subscribers_01767,25,male
subscribers_01768,59,female
subscribers_01769,27,male
subscribers_01770,35,male
subscribers_01771,27,male
subscribers_01772,28,female
subscribers_01773,37,male
subscribers_01774,45,male
subscribers_01775,37,male
subscribers_01776,22,female
subscribers_01777,21,male
subscribers_01778,52,male
subscribers_01779,49,female
subscribers_01780,36,male
subscribers_01781,42,male
subscribers_01782,31,female
subscribers_01783,36,male
subscribers_01784,48,male
subscribers_01785,55,male
subscribers_01786,60,male
subscribers_01787,65,female
subscribers_01788,48,male
subscribers_01789,37,female
subscribers_01790,65,male
subscribers_01791,68,male
subscribers_01792,58,female
subscribers_01793,29,male
subscribers_01794,21,female
subscribers_01795,37,female
subscribers_01796,33,male
subscribers_01797,28,male
subscribers_01798,72,female
subscribers_01799,47,female
subscribers_01800,58,male
subscribers_01801,63,female
subscribers_01802,67,male
subscribers_01803,72,female
subscribers_01804,41,female
subscribers_01805,40,male
subscribers_01806,60,male
subscribers_01807,45,male
subscribers_01808,61,male
subscribers_01809,23,female
subscribers_01810,51,male
subscribers_01811,46,female
subscribers_01812,31,male
subscribers_01813,37,male
subscribers_01814,28,male
subscribers_01815,29,female
subscribers_01816,34,male
subscribers_01817,39,female
subscribers_01818,60,male
subscribers_01819,16,male
subscribers_01820,27,female
subscribers_01821,61,male
subscribers_01822,25,male
subscribers_01823,55,female
subscribers_01824,58,female
subscribers_01825,51,female
subscribers_01826,44,male
subscribers_01827,23,male
subscribers_01828,64,male
subscribers_01829,21,female
subscribers_01830,24,female
subscribers_01831,63,female
subscribers_01832,15,male
subscribers_01833,17,male
subscribers_01834,19,female
subscribers_01835,64,male
subscribers_01836,66,female
subscribers_01837,31,female
subscribers_01838,31,female
subscribers_01839,33,male
subscribers_01840,23,male
subscribers_01841,31,female
subscribers_01842,18,male
subscribers_01843,59,male
subscribers_01844,47,male
subscribers_01845,24,male
subscribers_01846,55,female
subscribers_01847,67,male
subscribers_01848,49,female
subscribers_01849,62,male
subscribers_01850,62,female
subscribers_01851,53,female
subscribers_01852,64,female
subscribers_01853,57,female
subscribers_01854,21,male
subscribers_01855,58,male
subscribers_01856,19,female
subscribers_01857,39,female
subscribers_01858,50,male
subscribers_01859,46,male
subscribers_01860,59,male
subscribers_01861,24,male
subscribers_01862,31,male
subscribers_01863,48,male
subscribers_01864,19,male
subscribers_01865,28,female
subscribers_01866,78,female
subscribers_01867,54,male
subscribers_01868,71,female
subscribers_01869,78,male
subscribers_01870,22,male
subscribers_01871,51,female
subscribers_01872,20,male
subscribers_01873,43,female
subscribers_01874,50,female
subscribers_01875,16,male
subscribers_01876,24,male
subscribers_01877,50,female
subscribers_01878,31,female
subscribers_01879,15,female
subscribers_01880,60,male
subscribers_01881,52,female
subscribers_01882,37,female
subscribers_01883,56,female
subscribers_01884,33,female
subscribers_01885,64,male
subscribers_01886,62,female
subscribers_01887,53,male
subscribers_01888,23,female
subscribers_01889,49,female
subscribers_01890,19,male
subscribers_01891,39,female
subscribers_01892,54,female
subscribers_01893,69,male
subscribers_01894,49,female
subscribers_01895,57,male
subscribers_01896,20,male
subscribers_01897,80,female
subscribers_01898,73,male
subscribers_01899,31,male
subscribers_01900,60,male
subscribers_01901,55,male
subscribers_01902,18,male
subscribers_01903,52,female
subscribers_01904,65,male
subscribers_01905,35,male
subscribers_01906,65,female
subscribers_01907,17,female
subscribers_01908,80,female
subscribers_01909,24,female
subscribers_01910,46,male
subscribers_01911,77,male
subscribers_01912,60,male
subscribers_01913,55,female
subscribers_01914,79,female
subscribers_01915,42,male
subscribers_01916,54,male
subscribers_01917,42,male
subscribers_01918,64,male
subscribers_01919,39,male
subscribers_01920,54,female
subscribers_01921,15,male
subscribers_01922,32,female
subscribers_01923,27,female
subscribers_01924,19,female
subscribers_01925,46,male
subscribers_01926,25,female
subscribers_01927,55,male
subscribers_01928,20,male
subscribers_01929,23,male
subscribers_01930,26,female
subscribers_01931,43,male
subscribers_01932,44,male
subscribers_01933,42,male
subscribers_01934,59,male
subscribers_01935,43,male
subscribers_01936,16,male
subscribers_01937,39,male
subscribers_01938,64,male
subscribers_01939,65,female
subscribers_01940,23,male
subscribers_01941,46,female
subscribers_01942,25,female
subscribers_01943,22,female
subscribers_01944,35,male
subscribers_01945,18,male
subscribers_01946,29,male
subscribers_01947,37,female
subscribers_01948,37,female
subscribers_01949,25,female
subscribers_01950,40,male
subscribers_01951,60,female
subscribers_01952,60,female
subscribers_01953,17,male
subscribers_01954,20,female
subscribers_01955,75,female
subscribers_01956,34,male
subscribers_01957,62,female
subscribers_01958,16,female
subscribers_01959,21,male
subscribers_01960,64,male
subscribers_01961,29,male
subscribers_01962,39,female
subscribers_01963,15,male
subscribers_01964,49,female
subscribers_01965,21,female
subscribers_01966,64,female
subscribers_01967,50,male
subscribers_01968,70,male
subscribers_01969,18,male
subscribers_01970,21,female
subscribers_01971,17,female
subscribers_01972,18,female
subscribers_01973,25,male
subscribers_01974,43,female
subscribers_01975,26,male
subscribers_01976,73,male
subscribers_01977,32,male
subscribers_01978,54,male
subscribers_01979,52,male
subscribers_01980,78,female
subscribers_01981,21,male
subscribers_01982,47,female
subscribers_01983,47,male
subscribers_01984,38,female
subscribers_01985,45,female
subscribers_01986,33,female
subscribers_01987,21,male
subscribers_01988,60,female
subscribers_01989,59,female
subscribers_01990,56,male
subscribers_01991,68,male
subscribers_01992,38,male
subscribers_01993,18,female
subscribers_01994,51,male
subscribers_01995,40,female
subscribers_01996,16,female
subscribers_01997,59,female
subscribers_01998,46,male
subscribers_01999,17,male
subscribers_02000,33,male
subscribers_02001,36,female
subscribers_02002,27,male
subscribers_02003,57,female
subscribers_02004,30,female
subscribers_02005,17,female
subscribers_02006,25,female
subscribers_02007,65,female
subscribers_02008,65,male
subscribers_02009,44,female
subscribers_02010,45,male
subscribers_02011,76,female
subscribers_02012,15,male
subscribers_02013,15,male
subscribers_02014,34,female
subscribers_02015,34,female
subscribers_02016,27,male
subscribers_02017,62,male
subscribers_02018,61,male
subscribers_02019,31,male
subscribers_02020,19,male
subscribers_02021,19,male
subscribers_02022,17,male
subscribers_02023,54,male
subscribers_02024,47,female
subscribers_02025,32,female
subscribers_02026,61,female
subscribers_02027,32,female
subscribers_02028,27,female
subscribers_02029,65,male
subscribers_02030,62,female
subscribers_02031,65,female
subscribers_02032,70,male
subscribers_02033,39,female
subscribers_02034,21,female
subscribers_02035,46,male
subscribers_02036,59,male
subscribers_02037,57,male
subscribers_02038,32,male
subscribers_02039,26,female
subscribers_02040,49,male
subscribers_02041,55,female
subscribers_02042,22,female
subscribers_02043,40,female
subscribers_02044,46,male
subscribers_02045,65,male
subscribers_02046,53,female
subscribers_02047,56,female
subscribers_02048,32,female
subscribers_02049,40,female
subscribers_02050,33,female
subscribers_02051,28,female
subscribers_02052,72,female
subscribers_02053,19,male
subscribers_02054,26,male
subscribers_02055,46,male
subscribers_02056,20,female
subscribers_02057,32,female
subscribers_02058,68,male
subscribers_02059,45,female
subscribers_02060,52,male
subscribers_02061,36,female
subscribers_02062,64,male
subscribers_02063,48,female
subscribers_02064,24,female
subscribers_02065,56,female
subscribers_02066,40,male
subscribers_02067,31,male
subscribers_02068,36,female
subscribers_02069,18,male
subscribers_02070,65,male
subscribers_02071,30,female
subscribers_02072,46,male
subscribers_02073,41,male
subscribers_02074,56,male
subscribers_02075,30,male
subscribers_02076,42,male
subscribers_02077,15,male
subscribers_02078,55,female
subscribers_02079,58,female
subscribers_02080,43,male
subscribers_02081,70,male
subscribers_02082,63,female
subscribers_02083,37,male
subscribers_02084,46,female
subscribers_02085,20,female
subscribers_02086,49,female
subscribers_02087,25,female
subscribers_02088,58,female
subscribers_02089,20,female
subscribers_02090,29,male
subscribers_02091,50,male
subscribers_02092,56,male
subscribers_02093,33,male
subscribers_02094,34,male
subscribers_02095,43,male
subscribers_02096,47,male
subscribers_02097,52,female
subscribers_02098,27,male
subscribers_02099,54,female
subscribers_02100,80,male
subscribers_02101,62,female
subscribers_02102,49,male
subscribers_02103,24,male
subscribers_02104,45,male
subscribers_02105,57,female
subscribers_02106,59,male
subscribers_02107,43,female
subscribers_02108,33,female
subscribers_02109,20,male
subscribers_02110,43,female
subscribers_02111,46,male
subscribers_02112,19,male
subscribers_02113,45,male
subscribers_02114,27,male
subscribers_02115,39,female
subscribers_02116,29,male
subscribers_02117,48,female
subscribers_02118,63,female
subscribers_02119,18,female
subscribers_02120,32,male
subscribers_02121,21,female
subscribers_02122,48,female
subscribers_02123,15,male
subscribers_02124,44,male
subscribers_02125,59,female
subscribers_02126,27,male
subscribers_02127,48,female
subscribers_02128,35,female
subscribers_02129,65,male
subscribers_02130,69,male
subscribers_02131,21,male
subscribers_02132,45,male
subscribers_02133,25,male
subscribers_02134,39,male
subscribers_02135,41,female
subscribers_02136,45,female
subscribers_02137,20,male
subscribers_02138,30,female
subscribers_02139,65,female
subscribers_02140,16,female
subscribers_02141,32,female
subscribers_02142,45,female
subscribers_02143,38,male
subscribers_02144,34,male
subscribers_02145,17,female
subscribers_02146,23,male
subscribers_02147,44,female
subscribers_02148,59,male
subscribers_02149,20,female
subscribers_02150,32,male
subscribers_02151,44,male
subscribers_02152,26,male
subscribers_02153,42,male
subscribers_02154,57,male
subscribers_02155,48,male
subscribers_02156,69,female
subscribers_02157,50,male
subscribers_02158,62,male
subscribers_02159,71,male
subscribers_02160,54,male
subscribers_02161,26,female
subscribers_02162,15,male
subscribers_02163,62,female
subscribers_02164,69,male
subscribers_02165,54,male
subscribers_02166,29,male
subscribers_02167,17,male
subscribers_02168,59,male
subscribers_02169,60,female
subscribers_02170,58,male
subscribers_02171,22,female
subscribers_02172,31,female
subscribers_02173,39,male
subscribers_02174,19,female
subscribers_02175,39,female
subscribers_02176,32,male
subscribers_02177,24,female
subscribers_02178,22,male
subscribers_02179,79,female
subscribers_02180,43,female
subscribers_02181,34,male
subscribers_02182,42,male
subscribers_02183,21,male
subscribers_02184,15,male
subscribers_02185,77,female
subscribers_02186,32,male
subscribers_02187,29,female
subscribers_02188,46,female
subscribers_02189,35,female
subscribers_02190,28,female
subscribers_02191,31,male
subscribers_02192,39,male
subscribers_02193,50,male
subscribers_02194,18,male
subscribers_02195,21,male
subscribers_02196,34,male
subscribers_02197,42,female
subscribers_02198,27,female
subscribers_02199,92,male
subscribers_02200,29,male
subscribers_02201,61,male
subscribers_02202,29,female
subscribers_02203,27,male
subscribers_02204,63,female
subscribers_02205,64,male
subscribers_02206,15,female
subscribers_02207,58,female
subscribers_02208,27,male
subscribers_02209,59,male
subscribers_02210,48,male
subscribers_02211,33,female
subscribers_02212,39,female
subscribers_02213,44,female
subscribers_02214,45,male
subscribers_02215,80,male
subscribers_02216,43,male
subscribers_02217,29,female
subscribers_02218,22,female
subscribers_02219,19,male
subscribers_02220,56,female
subscribers_02221,82,male
subscribers_02222,58,female
subscribers_02223,16,male
subscribers_02224,62,female
subscribers_02225,78,female
subscribers_02226,16,female
subscribers_02227,65,male
subscribers_02228,36,female
subscribers_02229,37,female
subscribers_02230,42,female
subscribers_02231,25,female
subscribers_02232,36,female
subscribers_02233,20,female
subscribers_02234,48,male
subscribers_02235,21,male
subscribers_02236,29,female
subscribers_02237,50,female
subscribers_02238,18,male
subscribers_02239,35,male
subscribers_02240,71,male
subscribers_02241,54,female
subscribers_02242,45,female
subscribers_02243,29,male
subscribers_02244,19,male
subscribers_02245,58,female
subscribers_02246,42,male
subscribers_02247,53,male
subscribers_02248,15,male
subscribers_02249,18,male
subscribers_02250,23,male
subscribers_02251,53,male
subscribers_02252,45,female
subscribers_02253,40,female
subscribers_02254,16,male
subscribers_02255,27,female
subscribers_02256,90,male
subscribers_02257,24,female
subscribers_02258,48,female
subscribers_02259,48,male
subscribers_02260,60,female
subscribers_02261,55,female
subscribers_02262,41,male
subscribers_02263,39,male
subscribers_02264,35,female
subscribers_02265,55,male
subscribers_02266,26,female
subscribers_02267,44,female
subscribers_02268,67,female
subscribers_02269,17,female
subscribers_02270,63,male
subscribers_02271,35,female
subscribers_02272,26,male
subscribers_02273,40,female
subscribers_02274,23,female
subscribers_02275,37,female
subscribers_02276,61,female
subscribers_02277,30,male
subscribers_02278,33,female
subscribers_02279,48,male
subscribers_02280,25,male
subscribers_02281,34,male
subscribers_02282,49,male
subscribers_02283,54,male
subscribers_02284,84,male
subscribers_02285,83,female
subscribers_02286,18,female
subscribers_02287,51,female
subscribers_02288,30,male
subscribers_02289,38,male
subscribers_02290,19,female
subscribers_02291,53,female
subscribers_02292,27,male
subscribers_02293,50,female
subscribers_02294,95,female
subscribers_02295,86,male
subscribers_02296,55,female
subscribers_02297,41,male
subscribers_02298,32,female
subscribers_02299,18,male
subscribers_02300,58,female
subscribers_02301,19,male
subscribers_02302,70,male
subscribers_02303,46,male
subscribers_02304,62,female
subscribers_02305,52,male
subscribers_02306,55,female
subscribers_02307,21,female
subscribers_02308,33,male
subscribers_02309,54,male
subscribers_02310,64,male
subscribers_02311,68,male
subscribers_02312,18,female
subscribers_02313,20,female
subscribers_02314,64,male
subscribers_02315,44,female
subscribers_02316,19,male
subscribers_02317,28,male
subscribers_02318,76,male
subscribers_02319,28,male
subscribers_02320,46,male
subscribers_02321,15,male
subscribers_02322,45,female
subscribers_02323,29,male
subscribers_02324,39,male
subscribers_02325,46,male
subscribers_02326,65,male
subscribers_02327,23,male
subscribers_02328,34,male
subscribers_02329,47,female
subscribers_02330,40,male
subscribers_02331,32,female
subscribers_02332,61,female
subscribers_02333,71,female
subscribers_02334,31,male
subscribers_02335,20,male
subscribers_02336,35,female
subscribers_02337,18,male
subscribers_02338,31,female
subscribers_02339,15,male
subscribers_02340,19,male
subscribers_02341,34,male
subscribers_02342,21,male
subscribers_02343,27,female
subscribers_02344,23,female
subscribers_02345,41,male
subscribers_02346,48,male
subscribers_02347,78,female
subscribers_02348,55,female
subscribers_02349,40,male
subscribers_02350,57,female
subscribers_02351,43,male
subscribers_02352,20,male
subscribers_02353,47,female
subscribers_02354,41,female
subscribers_02355,34,male
subscribers_02356,37,male
subscribers_02357,46,male
subscribers_02358,35,male
subscribers_02359,44,male
subscribers_02360,21,female
subscribers_02361,39,male
subscribers_02362,25,male
subscribers_02363,46,female
subscribers_02364,20,male
subscribers_02365,27,male
subscribers_02366,74,male
subscribers_02367,35,male
subscribers_02368,26,female
subscribers_02369,77,female
subscribers_02370,64,male
subscribers_02371,70,male
subscribers_02372,55,male
subscribers_02373,28,female
subscribers_02374,30,female
subscribers_02375,61,male
subscribers_02376,48,female
subscribers_02377,36,female
subscribers_02378,74,female
subscribers_02379,33,female
subscribers_02380,20,female
subscribers_02381,45,male
subscribers_02382,25,male
subscribers_02383,53,male
subscribers_02384,25,male
subscribers_02385,22,female
subscribers_02386,54,male
subscribers_02387,43,male
subscribers_02388,44,male
subscribers_02389,44,male
subscribers_02390,27,male
subscribers_02391,46,male
subscribers_02392,53,female
subscribers_02393,67,female
subscribers_02394,20,female
subscribers_02395,61,female
subscribers_02396,23,female
subscribers_02397,31,female
subscribers_02398,65,male
subscribers_02399,87,female
subscribers_02400,49,male
subscribers_02401,31,male
subscribers_02402,33,female
subscribers_02403,38,female
subscribers_02404,30,female
subscribers_02405,46,male
subscribers_02406,59,male
subscribers_02407,58,female
subscribers_02408,37,male
subscribers_02409,30,female
subscribers_02410,23,female
subscribers_02411,52,female
subscribers_02412,69,female
subscribers_02413,37,female
subscribers_02414,24,male
subscribers_02415,61,male
subscribers_02416,57,female
subscribers_02417,57,female
subscribers_02418,21,male
subscribers_02419,25,female
subscribers_02420,60,female
subscribers_02421,55,female
subscribers_02422,57,male
subscribers_02423,38,female
subscribers_02424,24,female
subscribers_02425,31,male
subscribers_02426,27,female
subscribers_02427,49,female
subscribers_02428,68,female
subscribers_02429,61,female
subscribers_02430,56,male
subscribers_02431,57,male
subscribers_02432,64,male
subscribers_02433,30,male
subscribers_02434,70,female
subscribers_02435,75,female
subscribers_02436,23,male
subscribers_02437,29,female
subscribers_02438,55,female
subscribers_02439,58,male
subscribers_02440,48,female
subscribers_02441,48,female
subscribers_02442,42,female
subscribers_02443,66,male
subscribers_02444,30,male
subscribers_02445,39,female
subscribers_02446,15,male
subscribers_02447,16,female
subscribers_02448,28,female
subscribers_02449,40,female
subscribers_02450,16,female
subscribers_02451,78,male
subscribers_02452,43,male
subscribers_02453,48,male
subscribers_02454,40,male
subscribers_02455,51,female
subscribers_02456,29,male
subscribers_02457,20,male
subscribers_02458,19,male
subscribers_02459,61,male
subscribers_02460,24,female
subscribers_02461,41,male
subscribers_02462,19,male
subscribers_02463,77,male
subscribers_02464,27,male
subscribers_02465,28,male
subscribers_02466,23,female
subscribers_02467,34,female
subscribers_02468,63,male
subscribers_02469,27,male
subscribers_02470,23,female
subscribers_02471,52,male
subscribers_02472,54,female
subscribers_02473,62,female
subscribers_02474,27,male
subscribers_02475,45,male
subscribers_02476,28,female
subscribers_02477,49,male
subscribers_02478,20,female
subscribers_02479,55,female
subscribers_02480,53,female
subscribers_02481,55,male
subscribers_02482,19,male
subscribers_02483,47,male
subscribers_02484,45,female
subscribers_02485,44,male
subscribers_02486,35,male
subscribers_02487,62,female
subscribers_02488,55,male
subscribers_02489,28,male
subscribers_02490,27,male
subscribers_02491,39,female
subscribers_02492,44,male
subscribers_02493,30,female
subscribers_02494,24,male
subscribers_02495,47,female
subscribers_02496,41,male
subscribers_02497,64,male
subscribers_02498,17,female
subscribers_02499,44,male
subscribers_02500,18,male
subscribers_02501,52,female
subscribers_02502,29,male
subscribers_02503,62,male
subscribers_02504,45,male
subscribers_02505,17,male
subscribers_02506,63,female
subscribers_02507,51,female
subscribers_02508,27,male
subscribers_02509,24,female
subscribers_02510,48,male
subscribers_02511,57,male
subscribers_02512,31,male
subscribers_02513,16,male
subscribers_02514,41,male
subscribers_02515,87,male
subscribers_02516,22,male
subscribers_02517,48,female
subscribers_02518,57,male
subscribers_02519,44,female
subscribers_02520,61,female
subscribers_02521,15,male
subscribers_02522,74,male
subscribers_02523,26,male
subscribers_02524,38,female
subscribers_02525,22,female
subscribers_02526,42,male
subscribers_02527,52,female
subscribers_02528,58,male
subscribers_02529,41,female
subscribers_02530,65,male
subscribers_02531,36,male
subscribers_02532,15,male
subscribers_02533,82,male
subscribers_02534,41,male
subscribers_02535,19,male
subscribers_02536,44,male
subscribers_02537,37,female
subscribers_02538,79,female
subscribers_02539,43,male
subscribers_02540,22,male
subscribers_02541,70,male
subscribers_02542,35,female
subscribers_02543,54,female
subscribers_02544,32,male
subscribers_02545,42,female
subscribers_02546,49,male
subscribers_02547,49,male
subscribers_02548,15,female
subscribers_02549,61,female
subscribers_02550,59,male
subscribers_02551,65,male
subscribers_02552,56,female
subscribers_02553,40,male
subscribers_02554,40,female
subscribers_02555,38,female
subscribers_02556,20,male
subscribers_02557,30,male
subscribers_02558,60,male
subscribers_02559,60,male
subscribers_02560,74,female
subscribers_02561,34,female
subscribers_02562,37,female
subscribers_02563,44,female
subscribers_02564,47,female
subscribers_02565,28,male
subscribers_02566,58,female
subscribers_02567,54,female
subscribers_02568,58,male
subscribers_02569,63,female
subscribers_02570,65,female
subscribers_02571,18,male
subscribers_02572,51,female
subscribers_02573,34,male
subscribers_02574,60,male
subscribers_02575,48,female
subscribers_02576,38,female
subscribers_02577,61,female
subscribers_02578,84,male
subscribers_02579,56,female
subscribers_02580,72,female
subscribers_02581,43,female
subscribers_02582,55,male
subscribers_02583,15,female
subscribers_02584,71,male
subscribers_02585,35,female
subscribers_02586,45,female
subscribers_02587,35,female
subscribers_02588,33,female
subscribers_02589,23,female
subscribers_02590,19,male
subscribers_02591,63,female
subscribers_02592,30,female
subscribers_02593,24,female
subscribers_02594,37,male
subscribers_02595,29,male
subscribers_02596,21,male
subscribers_02597,51,male
subscribers_02598,61,male
subscribers_02599,60,male
subscribers_02600,63,female
subscribers_02601,30,female
subscribers_02602,23,female
subscribers_02603,42,female
subscribers_02604,38,male
subscribers_02605,28,female
subscribers_02606,59,female
subscribers_02607,26,female
subscribers_02608,26,female
subscribers_02609,65,female
subscribers_02610,40,male
subscribers_02611,27,female
subscribers_02612,61,female
subscribers_02613,51,female
subscribers_02614,52,female
subscribers_02615,67,male
subscribers_02616,65,female
subscribers_02617,61,female
subscribers_02618,72,male
subscribers_02619,60,male
subscribers_02620,48,male
subscribers_02621,48,male
subscribers_02622,39,male
subscribers_02623,15,female
subscribers_02624,19,female
subscribers_02625,23,male
subscribers_02626,27,male
subscribers_02627,42,female
subscribers_02628,63,male
subscribers_02629,22,male
subscribers_02630,39,male
subscribers_02631,56,male
subscribers_02632,50,male
subscribers_02633,60,male
subscribers_02634,53,female
subscribers_02635,46,male
subscribers_02636,17,male
subscribers_02637,62,male
subscribers_02638,65,female
subscribers_02639,62,female
subscribers_02640,58,male
subscribers_02641,59,female
subscribers_02642,19,male
subscribers_02643,51,female
subscribers_02644,21,female
subscribers_02645,60,female
subscribers_02646,41,male
subscribers_02647,65,male
subscribers_02648,25,male
subscribers_02649,18,female
subscribers_02650,37,female
subscribers_02651,16,male
subscribers_02652,37,male
subscribers_02653,66,female
subscribers_02654,21,female
subscribers_02655,81,female
subscribers_02656,46,male
subscribers_02657,40,female
subscribers_02658,23,male
subscribers_02659,59,female
subscribers_02660,27,female
subscribers_02661,38,male
subscribers_02662,48,male
subscribers_02663,41,male
subscribers_02664,63,male
subscribers_02665,20,male
subscribers_02666,60,female
subscribers_02667,46,male
subscribers_02668,24,male
subscribers_02669,34,male
subscribers_02670,32,male
subscribers_02671,37,male
subscribers_02672,42,female
subscribers_02673,67,male
subscribers_02674,33,male
subscribers_02675,22,male
subscribers_02676,57,female
subscribers_02677,53,male
subscribers_02678,22,male
subscribers_02679,28,male
subscribers_02680,20,female
subscribers_02681,29,female
subscribers_02682,55,female
subscribers_02683,66,female
subscribers_02684,44,female
subscribers_02685,33,female
subscribers_02686,65,male
subscribers_02687,49,male
subscribers_02688,59,female
subscribers_02689,69,female
subscribers_02690,57,male
subscribers_02691,35,male
subscribers_02692,59,female
subscribers_02693,20,female
subscribers_02694,47,male
subscribers_02695,27,male
subscribers_02696,54,male
subscribers_02697,31,male
subscribers_02698,63,male
subscribers_02699,63,female
subscribers_02700,23,male
subscribers_02701,56,male
subscribers_02702,31,male
subscribers_02703,28,male
subscribers_02704,44,female
subscribers_02705,50,male
subscribers_02706,65,male
subscribers_02707,20,male
subscribers_02708,48,male
subscribers_02709,72,female
subscribers_02710,50,male
subscribers_02711,46,female
subscribers_02712,24,male
subscribers_02713,48,female
subscribers_02714,65,female
subscribers_02715,41,male
subscribers_02716,54,male
subscribers_02717,55,male
subscribers_02718,49,female
subscribers_02719,21,male
subscribers_02720,34,female
subscribers_02721,64,female
subscribers_02722,18,female
subscribers_02723,28,female
subscribers_02724,58,male
subscribers_02725,54,male
subscribers_02726,27,female
subscribers_02727,21,male
subscribers_02728,30,male
subscribers_02729,34,male
subscribers_02730,85,female
subscribers_02731,52,male
subscribers_02732,53,female
subscribers_02733,51,male
subscribers_02734,15,male
subscribers_02735,34,female
subscribers_02736,29,male
subscribers_02737,23,female
subscribers_02738,26,female
subscribers_02739,16,female
subscribers_02740,28,female
subscribers_02741,39,male
subscribers_02742,61,female
subscribers_02743,69,female
subscribers_02744,46,male
subscribers_02745,42,female
subscribers_02746,35,male
subscribers_02747,50,female
subscribers_02748,34,female
subscribers_02749,69,male
subscribers_02750,17,male
subscribers_02751,25,female
subscribers_02752,48,female
subscribers_02753,24,male
subscribers_02754,62,male
subscribers_02755,32,male
subscribers_02756,18,male
subscribers_02757,63,female
subscribers_02758,52,female
subscribers_02759,54,female
subscribers_02760,70,female
subscribers_02761,29,female
subscribers_02762,52,male
subscribers_02763,35,male
subscribers_02764,58,female
subscribers_02765,28,male
subscribers_02766,22,male
subscribers_02767,40,female
subscribers_02768,57,female
subscribers_02769,63,female
subscribers_02770,37,male
subscribers_02771,40,female
subscribers_02772,49,female
subscribers_02773,23,female
subscribers_02774,62,male
subscribers_02775,79,female
subscribers_02776,69,female
subscribers_02777,25,male
subscribers_02778,32,male
subscribers_02779,17,female
subscribers_02780,60,male
subscribers_02781,69,male
subscribers_02782,39,male
subscribers_02783,64,female
subscribers_02784,30,female
subscribers_02785,27,male
subscribers_02786,30,male
subscribers_02787,41,female
subscribers_02788,66,male
subscribers_02789,69,male
subscribers_02790,38,female
subscribers_02791,22,male
subscribers_02792,55,female
subscribers_02793,30,female
subscribers_02794,48,female
subscribers_02795,22,female
subscribers_02796,40,female
subscribers_02797,17,male
subscribers_02798,39,female
subscribers_02799,51,male
subscribers_02800,23,female
subscribers_02801,17,male
subscribers_02802,37,male
subscribers_02803,54,female
subscribers_02804,33,female
subscribers_02805,39,male
subscribers_02806,72,male
subscribers_02807,38,female
subscribers_02808,45,female
subscribers_02809,30,female
subscribers_02810,63,male
subscribers_02811,22,male
subscribers_02812,27,male
subscribers_02813,40,female
subscribers_02814,37,male
subscribers_02815,63,female
subscribers_02816,65,male
subscribers_02817,23,male
subscribers_02818,28,female
subscribers_02819,83,male
subscribers_02820,33,male
subscribers_02821,21,female
subscribers_02822,43,female
subscribers_02823,39,female
subscribers_02824,50,male
subscribers_02825,26,male
subscribers_02826,56,female
subscribers_02827,53,female
subscribers_02828,51,female
subscribers_02829,55,male
subscribers_02830,15,female
subscribers_02831,65,male
subscribers_02832,52,male
subscribers_02833,44,male
subscribers_02834,62,male
subscribers_02835,82,female
subscribers_02836,34,male
subscribers_02837,37,male
subscribers_02838,36,male
subscribers_02839,29,male
subscribers_02840,27,male
subscribers_02841,24,male
subscribers_02842,52,male
subscribers_02843,69,female
subscribers_02844,15,female
subscribers_02845,43,male
subscribers_02846,16,male
subscribers_02847,27,female
subscribers_02848,49,male
subscribers_02849,29,male
subscribers_02850,15,male
subscribers_02851,26,female
subscribers_02852,28,male
subscribers_02853,17,female
subscribers_02854,65,male
subscribers_02855,17,female
subscribers_02856,43,male
subscribers_02857,18,male
subscribers_02858,68,male
subscribers_02859,63,male
subscribers_02860,45,female
subscribers_02861,42,female
subscribers_02862,52,male
subscribers_02863,81,male
subscribers_02864,58,male
subscribers_02865,26,male
subscribers_02866,20,male
subscribers_02867,59,male
subscribers_02868,18,male
subscribers_02869,76,female
subscribers_02870,47,male
subscribers_02871,39,male
subscribers_02872,65,male
subscribers_02873,26,male
subscribers_02874,21,male
subscribers_02875,62,male
subscribers_02876,21,female
subscribers_02877,69,female
subscribers_02878,20,female
subscribers_02879,45,male
subscribers_02880,25,female
subscribers_02881,38,male
subscribers_02882,17,male
subscribers_02883,38,female
subscribers_02884,68,female
subscribers_02885,39,male
subscribers_02886,49,male
subscribers_02887,21,female
subscribers_02888,35,female
subscribers_02889,46,female
subscribers_02890,19,female
subscribers_02891,63,female
subscribers_02892,32,female
subscribers_02893,57,male
subscribers_02894,20,female
subscribers_02895,33,male
subscribers_02896,60,male
subscribers_02897,46,male
subscribers_02898,62,male
subscribers_02899,16,male
subscribers_02900,37,female
subscribers_02901,75,female
subscribers_02902,39,male
subscribers_02903,65,female
subscribers_02904,57,female
subscribers_02905,48,female
subscribers_02906,38,male
subscribers_02907,38,female
subscribers_02908,18,male
subscribers_02909,29,male
subscribers_02910,60,male
subscribers_02911,37,female
subscribers_02912,49,male
subscribers_02913,28,male
subscribers_02914,27,female
subscribers_02915,19,female
subscribers_02916,23,female
subscribers_02917,44,female
subscribers_02918,41,male
subscribers_02919,27,female
subscribers_02920,34,male
subscribers_02921,25,female
subscribers_02922,65,male
subscribers_02923,67,female
subscribers_02924,47,female
subscribers_02925,35,male
subscribers_02926,60,male
subscribers_02927,44,female
subscribers_02928,63,female
subscribers_02929,42,female
subscribers_02930,47,female
subscribers_02931,28,male
subscribers_02932,19,female
subscribers_02933,63,male
subscribers_02934,22,female
subscribers_02935,34,female
subscribers_02936,27,male
subscribers_02937,52,female
subscribers_02938,79,male
subscribers_02939,30,female
subscribers_02940,33,male
subscribers_02941,61,female
subscribers_02942,35,female
subscribers_02943,49,male
subscribers_02944,22,female
subscribers_02945,25,male
subscribers_02946,39,male
subscribers_02947,32,male
subscribers_02948,52,female
subscribers_02949,63,male
subscribers_02950,29,male
subscribers_02951,33,female
subscribers_02952,54,female
subscribers_02953,78,female
subscribers_02954,23,male
subscribers_02955,60,male
subscribers_02956,73,male
subscribers_02957,59,female
subscribers_02958,24,male
subscribers_02959,46,male
subscribers_02960,18,male
subscribers_02961,50,male
subscribers_02962,64,female
subscribers_02963,34,male
subscribers_02964,46,male
subscribers_02965,50,female
subscribers_02966,56,male
subscribers_02967,67,female
subscribers_02968,33,male
subscribers_02969,52,male
subscribers_02970,52,male
subscribers_02971,42,male
subscribers_02972,40,female
subscribers_02973,87,male
subscribers_02974,37,male
subscribers_02975,60,male
subscribers_02976,78,male
subscribers_02977,59,female
subscribers_02978,51,male
subscribers_02979,46,male
subscribers_02980,17,male
subscribers_02981,28,male
subscribers_02982,71,male
subscribers_02983,33,male
subscribers_02984,28,male
subscribers_02985,22,female
subscribers_02986,31,male
subscribers_02987,20,female
subscribers_02988,66,male
subscribers_02989,45,female
subscribers_02990,20,female
subscribers_02991,52,male
subscribers_02992,41,female
subscribers_02993,53,female
subscribers_02994,45,male
subscribers_02995,52,male
subscribers_02996,19,male
subscribers_02997,41,male
subscribers_02998,37,male
subscribers_02999,35,female
subscribers_03000,47,male
subscribers_03001,62,male
subscribers_03002,43,male
subscribers_03003,65,female
subscribers_03004,25,male
subscribers_03005,33,female
subscribers_03006,47,male
subscribers_03007,38,male
subscribers_03008,38,female
subscribers_03009,28,male
subscribers_03010,22,male
subscribers_03011,38,female
subscribers_03012,34,female
subscribers_03013,19,female
subscribers_03014,27,male
subscribers_03015,30,female
subscribers_03016,17,female
subscribers_03017,29,female
subscribers_03018,44,male
subscribers_03019,63,female
subscribers_03020,47,male
subscribers_03021,24,male
subscribers_03022,26,female
subscribers_03023,23,female
subscribers_03024,60,female
subscribers_03025,27,male
subscribers_03026,37,male
subscribers_03027,53,male
subscribers_03028,16,female
subscribers_03029,43,male
subscribers_03030,37,female
subscribers_03031,65,male
subscribers_03032,38,male
subscribers_03033,42,male
subscribers_03034,28,male
subscribers_03035,66,male
subscribers_03036,57,male
subscribers_03037,27,female
subscribers_03038,46,female
subscribers_03039,50,male
subscribers_03040,52,female
subscribers_03041,80,female
subscribers_03042,58,male
subscribers_03043,75,male
subscribers_03044,25,female
subscribers_03045,15,male
subscribers_03046,52,female
subscribers_03047,31,female
subscribers_03048,15,male
subscribers_03049,58,female
subscribers_03050,60,male
subscribers_03051,26,female
subscribers_03052,48,male
subscribers_03053,28,female
subscribers_03054,35,male
subscribers_03055,40,male
subscribers_03056,34,male
subscribers_03057,19,male
subscribers_03058,30,male
subscribers_03059,58,female
subscribers_03060,44,male
subscribers_03061,30,female
subscribers_03062,60,male
subscribers_03063,64,female
subscribers_03064,22,male
subscribers_03065,60,male
subscribers_03066,62,female
subscribers_03067,46,male
subscribers_03068,54,male
subscribers_03069,62,male
subscribers_03070,47,female
subscribers_03071,38,male
subscribers_03072,37,male
subscribers_03073,30,female
subscribers_03074,56,female
subscribers_03075,48,male
subscribers_03076,20,female
subscribers_03077,35,female
subscribers_03078,64,female
subscribers_03079,30,male
subscribers_03080,20,male
subscribers_03081,21,male
subscribers_03082,19,male
subscribers_03083,33,female
subscribers_03084,51,male
subscribers_03085,15,female
subscribers_03086,36,male
subscribers_03087,57,female
subscribers_03088,55,female
subscribers_03089,18,female
subscribers_03090,65,male
subscribers_03091,25,male
subscribers_03092,39,female
subscribers_03093,63,female
subscribers_03094,30,female
subscribers_03095,56,male
subscribers_03096,48,male
subscribers_03097,50,male
subscribers_03098,40,male
subscribers_03099,21,male
subscribers_03100,19,male
subscribers_03101,55,male
subscribers_03102,42,female
subscribers_03103,18,female
subscribers_03104,31,female
subscribers_03105,23,male
subscribers_03106,37,female
subscribers_03107,37,female
subscribers_03108,46,male
subscribers_03109,24,male
subscribers_03110,18,male
subscribers_03111,16,female
subscribers_03112,74,female
subscribers_03113,33,male
subscribers_03114,29,female
subscribers_03115,26,male
subscribers_03116,34,female
subscribers_03117,16,male
subscribers_03118,19,female
subscribers_03119,69,male
subscribers_03120,59,male
subscribers_03121,40,female
subscribers_03122,21,male
subscribers_03123,43,female
subscribers_03124,47,female
subscribers_03125,21,male
subscribers_03126,64,male
subscribers_03127,20,male
subscribers_03128,62,male
subscribers_03129,31,male
subscribers_03130,63,male
subscribers_03131,19,female
subscribers_03132,65,male
subscribers_03133,53,male
subscribers_03134,16,male
subscribers_03135,65,female
subscribers_03136,56,male
subscribers_03137,48,male
subscribers_03138,37,female
subscribers_03139,66,male
subscribers_03140,17,male
subscribers_03141,48,female
subscribers_03142,28,female
subscribers_03143,25,male
subscribers_03144,19,female
subscribers_03145,40,male
subscribers_03146,39,female
subscribers_03147,16,female
subscribers_03148,25,female
subscribers_03149,37,male
subscribers_03150,19,male
subscribers_03151,62,female
subscribers_03152,54,male
subscribers_03153,44,male
subscribers_03154,73,female
subscribers_03155,22,male
subscribers_03156,61,male
subscribers_03157,16,male
subscribers_03158,53,male
subscribers_03159,52,male
subscribers_03160,31,male
subscribers_03161,58,female
subscribers_03162,40,female
subscribers_03163,38,female
subscribers_03164,20,male
subscribers_03165,34,male
subscribers_03166,65,male
subscribers_03167,53,male
subscribers_03168,27,female
subscribers_03169,29,female
subscribers_03170,16,female
subscribers_03171,36,female
subscribers_03172,57,female
subscribers_03173,39,male
subscribers_03174,41,female
subscribers_03175,34,male
subscribers_03176,26,male
subscribers_03177,17,male
subscribers_03178,28,female
subscribers_03179,27,male
subscribers_03180,52,female
subscribers_03181,27,male
subscribers_03182,52,female
subscribers_03183,49,male
subscribers_03184,24,male
subscribers_03185,64,male
subscribers_03186,50,female
subscribers_03187,52,male
subscribers_03188,19,male
subscribers_03189,51,male
subscribers_03190,20,male
subscribers_03191,46,female
subscribers_03192,64,male
subscribers_03193,20,male
subscribers_03194,73,female
subscribers_03195,27,male
subscribers_03196,30,female
subscribers_03197,42,male
subscribers_03198,24,male
subscribers_03199,43,male
subscribers_03200,43,male
subscribers_03201,21,male
subscribers_03202,51,male
subscribers_03203,26,female
subscribers_03204,24,male
subscribers_03205,16,female
subscribers_03206,51,female
subscribers_03207,37,female
subscribers_03208,30,female
subscribers_03209,18,male
subscribers_03210,66,male
subscribers_03211,69,male
subscribers_03212,69,female
subscribers_03213,28,male
subscribers_03214,28,male
subscribers_03215,43,female
subscribers_03216,40,male
subscribers_03217,85,female
subscribers_03218,35,male
subscribers_03219,62,male
subscribers_03220,22,male
subscribers_03221,34,female
subscribers_03222,51,female
subscribers_03223,37,male
subscribers_03224,65,male
subscribers_03225,26,male
subscribers_03226,78,male
subscribers_03227,41,male
subscribers_03228,16,female
subscribers_03229,36,female
subscribers_03230,21,female
subscribers_03231,35,male
subscribers_03232,53,female
subscribers_03233,18,male
subscribers_03234,58,female
subscribers_03235,16,female
subscribers_03236,23,female
subscribers_03237,34,female
subscribers_03238,18,female
subscribers_03239,23,male
subscribers_03240,60,male
subscribers_03241,54,female
subscribers_03242,69,male
subscribers_03243,51,male
subscribers_03244,42,male
subscribers_03245,65,male
subscribers_03246,29,male
subscribers_03247,50,female
subscribers_03248,62,male
subscribers_03249,53,female
subscribers_03250,66,female
subscribers_03251,39,male
subscribers_03252,39,female
subscribers_03253,38,male
subscribers_03254,37,male
subscribers_03255,36,female
subscribers_03256,44,female
subscribers_03257,48,female
subscribers_03258,53,female
subscribers_03259,38,female
subscribers_03260,53,male
subscribers_03261,44,male
subscribers_03262,73,male
subscribers_03263,57,female
subscribers_03264,45,female
subscribers_03265,21,male
subscribers_03266,20,female
subscribers_03267,53,male
subscribers_03268,15,female
subscribers_03269,62,male
subscribers_03270,54,male
subscribers_03271,74,female
subscribers_03272,57,female
subscribers_03273,30,male
subscribers_03274,31,female
subscribers_03275,51,male
subscribers_03276,59,female
subscribers_03277,38,female
subscribers_03278,23,female
subscribers_03279,43,female
subscribers_03280,18,male
subscribers_03281,58,male
subscribers_03282,62,male
subscribers_03283,31,male
subscribers_03284,64,male
subscribers_03285,30,male
subscribers_03286,29,male
subscribers_03287,31,male
subscribers_03288,49,male
subscribers_03289,18,male
subscribers_03290,30,female
subscribers_03291,20,male
subscribers_03292,67,female
subscribers_03293,77,male
subscribers_03294,59,male
subscribers_03295,15,male
subscribers_03296,19,male
subscribers_03297,55,male
subscribers_03298,63,male
subscribers_03299,73,male
subscribers_03300,27,male
subscribers_03301,62,female
subscribers_03302,65,male
subscribers_03303,35,female
subscribers_03304,42,female
subscribers_03305,31,male
subscribers_03306,66,female
subscribers_03307,54,male
subscribers_03308,53,male
subscribers_03309,34,male
subscribers_03310,46,female
subscribers_03311,26,male
subscribers_03312,19,male
subscribers_03313,90,male
subscribers_03314,60,female
subscribers_03315,23,male
subscribers_03316,18,male
subscribers_03317,25,male
subscribers_03318,16,male
subscribers_03319,59,male
subscribers_03320,16,female
subscribers_03321,20,male
subscribers_03322,23,male
subscribers_03323,39,female
subscribers_03324,26,female
subscribers_03325,77,male
subscribers_03326,44,male
subscribers_03327,39,male
subscribers_03328,54,female
subscribers_03329,20,male
subscribers_03330,18,male
subscribers_03331,69,male
subscribers_03332,26,male
subscribers_03333,18,male
subscribers_03334,62,male
subscribers_03335,61,female
subscribers_03336,26,female
subscribers_03337,71,female
subscribers_03338,42,male
subscribers_03339,53,male
subscribers_03340,80,male
subscribers_03341,34,female
subscribers_03342,43,male
subscribers_03343,55,female
subscribers_03344,67,male
subscribers_03345,65,male
subscribers_03346,40,male
subscribers_03347,39,male
subscribers_03348,84,male
subscribers_03349,59,female
subscribers_03350,46,female
subscribers_03351,33,female
subscribers_03352,40,female
subscribers_03353,61,male
subscribers_03354,23,male
subscribers_03355,22,female
subscribers_03356,37,male
subscribers_03357,40,female
subscribers_03358,34,male
subscribers_03359,61,female
subscribers_03360,50,male
subscribers_03361,40,male
subscribers_03362,48,male
subscribers_03363,48,male
subscribers_03364,22,male
subscribers_03365,75,male
subscribers_03366,28,male
subscribers_03367,29,female
subscribers_03368,25,female
subscribers_03369,17,male
subscribers_03370,37,male
subscribers_03371,22,male
subscribers_03372,30,female
subscribers_03373,17,female
subscribers_03374,43,male
subscribers_03375,34,male
subscribers_03376,17,female
subscribers_03377,65,male
subscribers_03378,39,female
subscribers_03379,37,female
subscribers_03380,22,female
subscribers_03381,29,female
subscribers_03382,69,male
subscribers_03383,22,male
subscribers_03384,63,female
subscribers_03385,59,male
subscribers_03386,25,female
subscribers_03387,60,male
subscribers_03388,40,female
subscribers_03389,57,female
subscribers_03390,65,female
subscribers_03391,43,male
subscribers_03392,23,male
subscribers_03393,18,male
subscribers_03394,35,male
subscribers_03395,37,male
subscribers_03396,42,female
subscribers_03397,26,female
subscribers_03398,57,female
subscribers_03399,56,male
subscribers_03400,29,male
subscribers_03401,63,male
subscribers_03402,52,male
subscribers_03403,29,female
subscribers_03404,50,male
subscribers_03405,50,male
subscribers_03406,61,female
subscribers_03407,20,female
subscribers_03408,23,male
subscribers_03409,71,female
subscribers_03410,55,female
subscribers_03411,33,male
subscribers_03412,49,female
subscribers_03413,50,male
subscribers_03414,47,male
subscribers_03415,24,male
subscribers_03416,44,female
subscribers_03417,59,male
subscribers_03418,16,male
subscribers_03419,68,male
subscribers_03420,45,male
subscribers_03421,27,male
subscribers_03422,19,female
subscribers_03423,42,female
subscribers_03424,55,female
subscribers_03425,65,female
subscribers_03426,30,male
subscribers_03427,42,male
subscribers_03428,62,female
subscribers_03429,33,male
subscribers_03430,42,male
subscribers_03431,33,female
subscribers_03432,42,female
subscribers_03433,37,male
subscribers_03434,58,female
subscribers_03435,47,male
subscribers_03436,61,male
subscribers_03437,45,male
subscribers_03438,47,female
subscribers_03439,15,female
subscribers_03440,54,female
subscribers_03441,41,male
subscribers_03442,24,female
subscribers_03443,48,female
subscribers_03444,46,female
subscribers_03445,26,female
subscribers_03446,56,female
subscribers_03447,36,male
subscribers_03448,28,male
subscribers_03449,55,male
subscribers_03450,55,male
subscribers_03451,25,female
subscribers_03452,16,female
subscribers_03453,24,male
subscribers_03454,55,female
subscribers_03455,23,male
subscribers_03456,56,male
subscribers_03457,20,female
subscribers_03458,64,female
subscribers_03459,24,male
subscribers_03460,17,female
subscribers_03461,17,male
subscribers_03462,43,female
subscribers_03463,25,male
subscribers_03464,65,male
subscribers_03465,78,male
subscribers_03466,77,male
subscribers_03467,63,male
subscribers_03468,17,female
subscribers_03469,31,female
subscribers_03470,62,male
subscribers_03471,65,male
subscribers_03472,37,male
subscribers_03473,29,female
subscribers_03474,42,male
subscribers_03475,44,female
subscribers_03476,88,female
subscribers_03477,52,female
subscribers_03478,48,male
subscribers_03479,40,female
subscribers_03480,45,female
subscribers_03481,26,female
subscribers_03482,43,female
subscribers_03483,33,male
subscribers_03484,64,female
subscribers_03485,29,female
subscribers_03486,39,male
subscribers_03487,51,female
subscribers_03488,56,male
subscribers_03489,39,male
subscribers_03490,42,male
subscribers_03491,55,male
subscribers_03492,51,female
subscribers_03493,22,female
subscribers_03494,60,female
subscribers_03495,38,male
subscribers_03496,38,female
subscribers_03497,47,female
subscribers_03498,47,male
subscribers_03499,49,male
subscribers_03500,58,male
subscribers_03501,26,male
subscribers_03502,47,male
subscribers_03503,40,female
subscribers_03504,26,male
subscribers_03505,18,male
subscribers_03506,19,female
subscribers_03507,39,female
subscribers_03508,20,male
subscribers_03509,57,female
subscribers_03510,17,female
subscribers_03511,43,male
subscribers_03512,52,male
subscribers_03513,27,male
subscribers_03514,26,female
subscribers_03515,54,female
subscribers_03516,63,male
subscribers_03517,34,male
subscribers_03518,50,male
subscribers_03519,17,female
subscribers_03520,38,female
subscribers_03521,47,female
subscribers_03522,28,male
subscribers_03523,68,male
subscribers_03524,27,male
subscribers_03525,16,male
subscribers_03526,30,male
subscribers_03527,23,male
subscribers_03528,85,male
subscribers_03529,26,female
subscribers_03530,45,female
subscribers_03531,36,male
subscribers_03532,16,female
subscribers_03533,76,male
subscribers_03534,28,female
subscribers_03535,49,male
subscribers_03536,37,female
subscribers_03537,46,male
subscribers_03538,57,male
subscribers_03539,40,female
subscribers_03540,65,male
subscribers_03541,47,male
subscribers_03542,87,female
subscribers_03543,35,male
subscribers_03544,60,female
subscribers_03545,28,male
subscribers_03546,27,female
subscribers_03547,23,female
subscribers_03548,52,male
subscribers_03549,55,female
subscribers_03550,50,male
subscribers_03551,21,female
subscribers_03552,23,male
subscribers_03553,60,female
subscribers_03554,40,female
subscribers_03555,64,male
subscribers_03556,65,male
subscribers_03557,16,female
subscribers_03558,32,male
subscribers_03559,45,female
subscribers_03560,40,male
subscribers_03561,22,male
subscribers_03562,80,female
subscribers_03563,16,male
subscribers_03564,17,male
subscribers_03565,24,male
subscribers_03566,15,male
subscribers_03567,27,male
subscribers_03568,70,male
subscribers_03569,62,female
subscribers_03570,55,female
subscribers_03571,54,female
subscribers_03572,68,male
subscribers_03573,29,female
subscribers_03574,36,male
subscribers_03575,59,male
subscribers_03576,24,male
subscribers_03577,19,female
subscribers_03578,40,female
subscribers_03579,64,female
subscribers_03580,80,male
subscribers_03581,67,female
subscribers_03582,57,female
subscribers_03583,29,male
subscribers_03584,50,female
subscribers_03585,22,male
subscribers_03586,65,male
subscribers_03587,57,female
subscribers_03588,54,male
subscribers_03589,44,female
subscribers_03590,15,female
subscribers_03591,67,female
subscribers_03592,41,male
subscribers_03593,53,female
subscribers_03594,33,female
subscribers_03595,45,male
subscribers_03596,41,male
subscribers_03597,47,male
subscribers_03598,72,female
subscribers_03599,26,male
subscribers_03600,53,male
subscribers_03601,17,male
subscribers_03602,21,female
subscribers_03603,32,male
subscribers_03604,64,male
subscribers_03605,48,female
subscribers_03606,45,female
subscribers_03607,20,male
subscribers_03608,59,female
subscribers_03609,34,male
subscribers_03610,37,male
subscribers_03611,64,female
subscribers_03612,29,male
subscribers_03613,20,female
subscribers_03614,43,male
subscribers_03615,57,male
subscribers_03616,24,female
subscribers_03617,25,male
subscribers_03618,34,female
subscribers_03619,59,male
subscribers_03620,58,male
subscribers_03621,27,female
subscribers_03622,45,female
subscribers_03623,32,male
subscribers_03624,23,female
subscribers_03625,55,female
subscribers_03626,18,female
subscribers_03627,19,female
subscribers_03628,62,female
subscribers_03629,92,male
subscribers_03630,23,female
subscribers_03631,36,female
subscribers_03632,57,female
subscribers_03633,54,male
subscribers_03634,22,male
subscribers_03635,25,male
subscribers_03636,59,male
subscribers_03637,58,male
subscribers_03638,57,male
subscribers_03639,41,male
subscribers_03640,16,male
subscribers_03641,30,male
subscribers_03642,42,male
subscribers_03643,27,female
subscribers_03644,55,male
subscribers_03645,24,female
subscribers_03646,40,male
subscribers_03647,36,male
subscribers_03648,74,female
subscribers_03649,15,male
subscribers_03650,19,female
subscribers_03651,63,male
subscribers_03652,34,female
subscribers_03653,60,male
subscribers_03654,40,male
subscribers_03655,65,male
subscribers_03656,44,male
subscribers_03657,28,male
subscribers_03658,32,male
subscribers_03659,19,female
subscribers_03660,37,female
subscribers_03661,46,female
subscribers_03662,30,female
subscribers_03663,58,female
subscribers_03664,28,female
subscribers_03665,62,male
subscribers_03666,87,male
subscribers_03667,26,male
subscribers_03668,47,male
subscribers_03669,56,male
subscribers_03670,56,male
subscribers_03671,52,male
subscribers_03672,38,female
subscribers_03673,35,female
subscribers_03674,43,female
subscribers_03675,41,female
subscribers_03676,42,male
subscribers_03677,23,female
subscribers_03678,42,male
subscribers_03679,66,female
subscribers_03680,73,male
subscribers_03681,58,female
subscribers_03682,30,male
subscribers_03683,32,female
subscribers_03684,49,male
subscribers_03685,19,female
subscribers_03686,22,female
subscribers_03687,16,male
subscribers_03688,35,male
subscribers_03689,29,male
subscribers_03690,25,male
subscribers_03691,40,female
subscribers_03692,21,male
subscribers_03693,38,male
subscribers_03694,53,male
subscribers_03695,65,male
subscribers_03696,50,male
subscribers_03697,38,female
subscribers_03698,76,female
subscribers_03699,51,male
subscribers_03700,39,male
subscribers_03701,57,female
subscribers_03702,66,female
subscribers_03703,64,female
subscribers_03704,53,male
subscribers_03705,64,female
subscribers_03706,33,female
subscribers_03707,42,female
subscribers_03708,67,female
subscribers_03709,39,male
subscribers_03710,61,female
subscribers_03711,28,female
subscribers_03712,29,male
subscribers_03713,33,male
subscribers_03714,39,female
subscribers_03715,25,male
subscribers_03716,22,female
subscribers_03717,64,male
subscribers_03718,30,female
subscribers_03719,19,female
subscribers_03720,56,male
subscribers_03721,67,male
subscribers_03722,30,male
subscribers_03723,47,male
subscribers_03724,30,female
subscribers_03725,41,female
subscribers_03726,20,male
subscribers_03727,84,male
subscribers_03728,15,female
subscribers_03729,23,female
subscribers_03730,33,male
subscribers_03731,58,male
subscribers_03732,60,male
subscribers_03733,16,female
subscribers_03734,23,male
subscribers_03735,55,male
subscribers_03736,62,male
subscribers_03737,52,male
subscribers_03738,17,female
subscribers_03739,29,male
subscribers_03740,20,female
subscribers_03741,59,female
subscribers_03742,29,male
subscribers_03743,29,male
subscribers_03744,31,male
subscribers_03745,63,male
subscribers_03746,60,female
subscribers_03747,46,male
subscribers_03748,23,male
subscribers_03749,60,male
subscribers_03750,60,female
subscribers_03751,79,female
subscribers_03752,30,female
subscribers_03753,37,female
subscribers_03754,29,female
subscribers_03755,41,male
subscribers_03756,29,female
subscribers_03757,61,male
subscribers_03758,15,female
subscribers_03759,17,male
subscribers_03760,26,female
subscribers_03761,41,male
subscribers_03762,38,male
subscribers_03763,19,male
subscribers_03764,19,female
subscribers_03765,15,female
subscribers_03766,23,male
subscribers_03767,36,male
subscribers_03768,32,female
subscribers_03769,62,male
subscribers_03770,39,female
subscribers_03771,59,male
subscribers_03772,64,female
subscribers_03773,49,female
subscribers_03774,35,male
subscribers_03775,59,female
subscribers_03776,49,female
subscribers_03777,50,male
subscribers_03778,27,male
subscribers_03779,41,male
subscribers_03780,60,female
subscribers_03781,22,female
subscribers_03782,54,male
subscribers_03783,54,male
subscribers_03784,58,female
subscribers_03785,23,male
subscribers_03786,15,female
subscribers_03787,52,male
subscribers_03788,18,male
subscribers_03789,17,male
subscribers_03790,60,female
subscribers_03791,16,male
subscribers_03792,47,male
subscribers_03793,42,male
subscribers_03794,19,male
subscribers_03795,38,male
subscribers_03796,23,male
subscribers_03797,27,male
subscribers_03798,36,female
subscribers_03799,31,male
subscribers_03800,53,male
subscribers_03801,56,male
subscribers_03802,35,male
subscribers_03803,46,female
subscribers_03804,54,male
subscribers_03805,17,male
subscribers_03806,45,male
subscribers_03807,34,female
subscribers_03808,65,male
subscribers_03809,26,female
subscribers_03810,55,female
subscribers_03811,24,female
subscribers_03812,41,male
subscribers_03813,53,female
subscribers_03814,65,male
subscribers_03815,33,male
subscribers_03816,17,male
subscribers_03817,32,male
subscribers_03818,38,female
subscribers_03819,39,male
subscribers_03820,46,female
subscribers_03821,48,female
subscribers_03822,64,female
subscribers_03823,32,female
subscribers_03824,65,male
subscribers_03825,25,male
subscribers_03826,30,male
subscribers_03827,21,male
subscribers_03828,56,male
subscribers_03829,59,male
subscribers_03830,77,male
subscribers_03831,61,male
subscribers_03832,34,male
subscribers_03833,67,female
subscribers_03834,45,male
subscribers_03835,30,female
subscribers_03836,36,male
subscribers_03837,39,male
subscribers_03838,29,male
subscribers_03839,47,female
subscribers_03840,40,female
subscribers_03841,23,female
subscribers_03842,58,male
subscribers_03843,56,male
subscribers_03844,18,male
subscribers_03845,18,male
subscribers_03846,47,male
subscribers_03847,28,female
subscribers_03848,61,male
subscribers_03849,33,female
subscribers_03850,50,male
subscribers_03851,42,male
subscribers_03852,58,male
subscribers_03853,19,female
subscribers_03854,44,female
subscribers_03855,66,male
subscribers_03856,46,male
subscribers_03857,25,male
subscribers_03858,47,male
subscribers_03859,38,female
subscribers_03860,33,female
subscribers_03861,20,male
subscribers_03862,37,female
subscribers_03863,20,male
subscribers_03864,84,male
subscribers_03865,43,male
subscribers_03866,55,female
subscribers_03867,52,male
subscribers_03868,49,male
subscribers_03869,19,male
subscribers_03870,89,male
subscribers_03871,64,male
subscribers_03872,59,female
subscribers_03873,38,female
subscribers_03874,40,female
subscribers_03875,49,female
subscribers_03876,48,male
subscribers_03877,68,female
subscribers_03878,27,male
subscribers_03879,81,female
subscribers_03880,38,female
subscribers_03881,50,female
subscribers_03882,27,male
subscribers_03883,35,male
subscribers_03884,49,male
subscribers_03885,44,male
subscribers_03886,20,male
subscribers_03887,19,male
subscribers_03888,31,female
subscribers_03889,65,male
subscribers_03890,42,male
subscribers_03891,37,female
subscribers_03892,36,male
subscribers_03893,65,female
subscribers_03894,15,male
subscribers_03895,38,male
subscribers_03896,59,male
subscribers_03897,39,female
subscribers_03898,69,female
subscribers_03899,33,male
subscribers_03900,31,male
subscribers_03901,57,male
subscribers_03902,32,female
subscribers_03903,20,female
subscribers_03904,54,male
subscribers_03905,43,male
subscribers_03906,26,female
subscribers_03907,27,male
subscribers_03908,41,female
subscribers_03909,63,female
subscribers_03910,45,male
subscribers_03911,47,male
subscribers_03912,61,female
subscribers_03913,54,female
subscribers_03914,23,male
subscribers_03915,17,female
subscribers_03916,42,male
subscribers_03917,60,female
subscribers_03918,19,male
subscribers_03919,28,female
subscribers_03920,36,male
subscribers_03921,28,female
subscribers_03922,23,male
subscribers_03923,39,male
subscribers_03924,59,male
subscribers_03925,15,female
subscribers_03926,48,female
subscribers_03927,54,female
subscribers_03928,63,female
subscribers_03929,47,male
subscribers_03930,58,male
subscribers_03931,42,male
subscribers_03932,61,male
subscribers_03933,36,male
subscribers_03934,19,female
subscribers_03935,37,female
subscribers_03936,30,male
subscribers_03937,66,female
subscribers_03938,30,male
subscribers_03939,62,male
subscribers_03940,37,female
subscribers_03941,80,female
subscribers_03942,16,male
subscribers_03943,30,male
subscribers_03944,21,male
subscribers_03945,33,male
subscribers_03946,38,male
subscribers_03947,25,male
subscribers_03948,47,male
subscribers_03949,20,female
subscribers_03950,68,male
subscribers_03951,24,female
subscribers_03952,47,male
subscribers_03953,65,female
subscribers_03954,53,female
subscribers_03955,52,male
subscribers_03956,50,male
subscribers_03957,44,female
subscribers_03958,23,male
subscribers_03959,66,male
subscribers_03960,16,male
subscribers_03961,31,male
subscribers_03962,15,male
subscribers_03963,39,male
subscribers_03964,64,female
subscribers_03965,73,female
subscribers_03966,33,male
subscribers_03967,28,female
subscribers_03968,61,male
subscribers_03969,39,female
subscribers_03970,16,male
subscribers_03971,21,female
subscribers_03972,25,male
subscribers_03973,24,female
subscribers_03974,28,female
subscribers_03975,49,male
subscribers_03976,17,male
subscribers_03977,55,male
subscribers_03978,42,male
subscribers_03979,42,female
subscribers_03980,29,male
subscribers_03981,71,male
subscribers_03982,55,male
subscribers_03983,23,male
subscribers_03984,28,male
subscribers_03985,41,male
subscribers_03986,70,male
subscribers_03987,22,female
subscribers_03988,42,female
subscribers_03989,73,female
subscribers_03990,42,female
subscribers_03991,43,male
subscribers_03992,25,female
subscribers_03993,59,male
subscribers_03994,17,male
subscribers_03995,50,male
subscribers_03996,52,female
subscribers_03997,43,male
subscribers_03998,58,female
subscribers_03999,25,female
subscribers_04000,57,male
subscribers_04001,47,female
subscribers_04002,30,female
subscribers_04003,19,male
subscribers_04004,58,female
subscribers_04005,28,female
subscribers_04006,24,female
subscribers_04007,15,male
subscribers_04008,56,female
subscribers_04009,42,male
subscribers_04010,19,male
subscribers_04011,28,male
subscribers_04012,22,male
subscribers_04013,19,male
subscribers_04014,27,male
subscribers_04015,43,female
subscribers_04016,46,female
subscribers_04017,92,male
subscribers_04018,16,male
subscribers_04019,59,female
subscribers_04020,16,male
subscribers_04021,15,female
subscribers_04022,50,female
subscribers_04023,38,female
subscribers_04024,36,male
subscribers_04025,61,female
subscribers_04026,52,male
subscribers_04027,69,female
subscribers_04028,47,male
subscribers_04029,66,female
subscribers_04030,49,male
subscribers_04031,29,female
subscribers_04032,25,male
subscribers_04033,60,female
subscribers_04034,30,male
subscribers_04035,17,female
subscribers_04036,58,male
subscribers_04037,59,female
subscribers_04038,40,male
subscribers_04039,18,female
subscribers_04040,25,female
subscribers_04041,63,male
subscribers_04042,25,male
subscribers_04043,17,female
subscribers_04044,20,female
subscribers_04045,48,female
subscribers_04046,39,female
subscribers_04047,55,male
subscribers_04048,54,male
subscribers_04049,17,female
subscribers_04050,42,male
subscribers_04051,17,male
subscribers_04052,25,female
subscribers_04053,39,female
subscribers_04054,61,male
subscribers_04055,24,female
subscribers_04056,27,male
subscribers_04057,36,male
subscribers_04058,29,male
subscribers_04059,34,male
subscribers_04060,37,female
subscribers_04061,67,female
subscribers_04062,60,female
subscribers_04063,61,female
subscribers_04064,34,female
subscribers_04065,30,female
subscribers_04066,44,male
subscribers_04067,27,female
subscribers_04068,41,male
subscribers_04069,16,male
subscribers_04070,62,male
subscribers_04071,21,female
subscribers_04072,68,female
subscribers_04073,19,male
subscribers_04074,35,female
subscribers_04075,61,female
subscribers_04076,48,male
subscribers_04077,59,male
subscribers_04078,70,male
subscribers_04079,63,female
subscribers_04080,75,female
subscribers_04081,33,male
subscribers_04082,62,male
subscribers_04083,47,female
subscribers_04084,37,female
subscribers_04085,49,female
subscribers_04086,54,male
subscribers_04087,51,female
subscribers_04088,38,female
subscribers_04089,54,female
subscribers_04090,25,female
subscribers_04091,19,male
subscribers_04092,89,female
subscribers_04093,73,male
subscribers_04094,24,male
subscribers_04095,33,female
subscribers_04096,19,male
subscribers_04097,29,female
subscribers_04098,73,male
subscribers_04099,18,male
subscribers_04100,17,male
subscribers_04101,65,female
subscribers_04102,36,female
subscribers_04103,44,female
subscribers_04104,46,female
subscribers_04105,46,male
subscribers_04106,23,male
subscribers_04107,29,male
subscribers_04108,27,female
subscribers_04109,34,female
subscribers_04110,28,male
subscribers_04111,69,female
subscribers_04112,17,female
subscribers_04113,27,female
subscribers_04114,20,male
subscribers_04115,50,male
subscribers_04116,20,male
subscribers_04117,29,male
subscribers_04118,69,male
subscribers_04119,46,female
subscribers_04120,33,male
subscribers_04121,67,male
subscribers_04122,30,male
subscribers_04123,24,female
subscribers_04124,19,male
subscribers_04125,64,female
subscribers_04126,15,female
subscribers_04127,57,female
subscribers_04128,42,male
subscribers_04129,60,female
subscribers_04130,46,male
subscribers_04131,52,female
subscribers_04132,19,male
subscribers_04133,45,male
subscribers_04134,45,female
subscribers_04135,15,female
subscribers_04136,49,male
subscribers_04137,31,male
subscribers_04138,18,female
subscribers_04139,35,male
subscribers_04140,66,male
subscribers_04141,25,female
subscribers_04142,25,male
subscribers_04143,27,male
subscribers_04144,62,female
subscribers_04145,59,female
subscribers_04146,44,male
subscribers_04147,46,female
subscribers_04148,19,male
subscribers_04149,50,male
subscribers_04150,33,female
subscribers_04151,49,female
subscribers_04152,30,male
subscribers_04153,47,female
subscribers_04154,26,male
subscribers_04155,60,male
subscribers_04156,15,female
subscribers_04157,49,male
subscribers_04158,15,male
subscribers_04159,20,male
subscribers_04160,27,female
subscribers_04161,47,male
subscribers_04162,28,female
subscribers_04163,64,female
subscribers_04164,40,female
subscribers_04165,65,female
subscribers_04166,63,male
subscribers_04167,15,female
subscribers_04168,24,female
subscribers_04169,22,male
subscribers_04170,42,male
subscribers_04171,43,female
subscribers_04172,62,female
subscribers_04173,63,female
subscribers_04174,57,male
subscribers_04175,54,female
subscribers_04176,62,female
subscribers_04177,33,male
subscribers_04178,64,male
subscribers_04179,34,female
subscribers_04180,66,female
subscribers_04181,42,male
subscribers_04182,57,female
subscribers_04183,36,male
subscribers_04184,23,female
subscribers_04185,40,female
subscribers_04186,30,female
subscribers_04187,74,male
subscribers_04188,40,female
subscribers_04189,49,male
subscribers_04190,47,male
subscribers_04191,38,female
subscribers_04192,65,female
subscribers_04193,31,male
subscribers_04194,68,female
subscribers_04195,50,female
subscribers_04196,53,male
subscribers_04197,53,male
subscribers_04198,60,male
subscribers_04199,22,male
subscribers_04200,17,female
subscribers_04201,54,male
subscribers_04202,28,female
subscribers_04203,37,male
subscribers_04204,47,male
subscribers_04205,46,female
subscribers_04206,64,female
subscribers_04207,18,male
subscribers_04208,36,female
subscribers_04209,64,female
subscribers_04210,40,male
subscribers_04211,71,male
subscribers_04212,26,female
subscribers_04213,22,female
subscribers_04214,75,male
subscribers_04215,90,female
subscribers_04216,16,female
subscribers_04217,22,male
subscribers_04218,59,male
subscribers_04219,46,male
subscribers_04220,16,male
subscribers_04221,45,male
subscribers_04222,27,male
subscribers_04223,56,male
subscribers_04224,15,male
subscribers_04225,15,female
subscribers_04226,50,male
subscribers_04227,26,female
subscribers_04228,72,male
subscribers_04229,51,female
subscribers_04230,31,male
subscribers_04231,23,female
subscribers_04232,57,male
subscribers_04233,63,male
subscribers_04234,60,female
subscribers_04235,16,male
subscribers_04236,41,female
subscribers_04237,43,male
subscribers_04238,59,male
subscribers_04239,20,male
subscribers_04240,62,female
subscribers_04241,35,male
subscribers_04242,59,male
subscribers_04243,25,male
subscribers_04244,63,female
subscribers_04245,59,female
subscribers_04246,17,male
subscribers_04247,45,male
subscribers_04248,48,female
subscribers_04249,20,male
subscribers_04250,43,male
subscribers_04251,27,male
subscribers_04252,19,male
subscribers_04253,31,male
subscribers_04254,27,male
subscribers_04255,34,male
subscribers_04256,36,male
subscribers_04257,30,male
subscribers_04258,29,male
subscribers_04259,27,male
subscribers_04260,16,female
subscribers_04261,33,male
subscribers_04262,46,male
subscribers_04263,59,male
subscribers_04264,28,female
subscribers_04265,28,male
subscribers_04266,53,male
subscribers_04267,64,male
subscribers_04268,72,male
subscribers_04269,63,male
subscribers_04270,38,male
subscribers_04271,54,male
subscribers_04272,37,female
subscribers_04273,15,female
subscribers_04274,27,male
subscribers_04275,67,female
subscribers_04276,18,male
subscribers_04277,18,male
subscribers_04278,25,male
subscribers_04279,18,female
subscribers_04280,19,male
subscribers_04281,34,female
subscribers_04282,16,female
subscribers_04283,34,male
subscribers_04284,17,female
subscribers_04285,70,female
subscribers_04286,16,female
subscribers_04287,48,female
subscribers_04288,15,female
subscribers_04289,72,male
subscribers_04290,16,male
subscribers_04291,24,male
subscribers_04292,21,male
subscribers_04293,32,male
subscribers_04294,15,male
subscribers_04295,32,female
subscribers_04296,61,male
subscribers_04297,25,female
subscribers_04298,49,female
subscribers_04299,56,male
subscribers_04300,36,female
subscribers_04301,17,female
subscribers_04302,24,male
subscribers_04303,25,male
subscribers_04304,32,male
subscribers_04305,21,male
subscribers_04306,38,female
subscribers_04307,25,male
subscribers_04308,19,male
subscribers_04309,33,male
subscribers_04310,42,male
subscribers_04311,71,female
subscribers_04312,54,female
subscribers_04313,73,male
subscribers_04314,49,male
subscribers_04315,53,female
subscribers_04316,71,female
subscribers_04317,33,female
subscribers_04318,36,female
subscribers_04319,18,male
subscribers_04320,35,female
subscribers_04321,20,female
subscribers_04322,56,female
subscribers_04323,36,male
subscribers_04324,37,male
subscribers_04325,21,male
subscribers_04326,32,male
subscribers_04327,85,female
subscribers_04328,15,male
subscribers_04329,46,male
subscribers_04330,24,male
subscribers_04331,22,male
subscribers_04332,20,male
subscribers_04333,59,female
subscribers_04334,25,female
subscribers_04335,30,male
subscribers_04336,39,male
subscribers_04337,21,male
subscribers_04338,49,female
subscribers_04339,55,female
subscribers_04340,25,male
subscribers_04341,27,female
subscribers_04342,56,male
subscribers_04343,34,male
subscribers_04344,24,male
subscribers_04345,27,male
subscribers_04346,25,male
subscribers_04347,28,female
subscribers_04348,31,female
subscribers_04349,44,female
subscribers_04350,40,male
subscribers_04351,19,female
subscribers_04352,76,male
subscribers_04353,24,female
subscribers_04354,32,male
subscribers_04355,39,male
subscribers_04356,63,male
subscribers_04357,44,female
subscribers_04358,28,male
subscribers_04359,58,male
subscribers_04360,15,female
subscribers_04361,82,male
subscribers_04362,59,female
subscribers_04363,16,male
subscribers_04364,24,female
subscribers_04365,46,female
subscribers_04366,64,male
subscribers_04367,82,male
subscribers_04368,17,male
subscribers_04369,52,male
subscribers_04370,52,male
subscribers_04371,24,female
subscribers_04372,72,male
subscribers_04373,56,female
subscribers_04374,20,male
subscribers_04375,32,male
subscribers_04376,28,female
subscribers_04377,59,male
subscribers_04378,75,female
subscribers_04379,40,female
subscribers_04380,56,male
subscribers_04381,41,male
subscribers_04382,23,female
subscribers_04383,35,female
subscribers_04384,18,female
subscribers_04385,47,female
subscribers_04386,67,male
subscribers_04387,60,female
subscribers_04388,39,female
subscribers_04389,57,female
subscribers_04390,61,male
subscribers_04391,54,male
subscribers_04392,29,male
subscribers_04393,71,male
subscribers_04394,59,male
subscribers_04395,18,female
subscribers_04396,40,male
subscribers_04397,24,male
subscribers_04398,68,female
subscribers_04399,64,female
subscribers_04400,40,female
subscribers_04401,45,male
subscribers_04402,48,male
subscribers_04403,61,male
subscribers_04404,35,female
subscribers_04405,47,male
subscribers_04406,45,male
subscribers_04407,25,male
subscribers_04408,32,female
subscribers_04409,34,male
subscribers_04410,61,male
subscribers_04411,53,male
subscribers_04412,35,male
subscribers_04413,19,female
subscribers_04414,55,male
subscribers_04415,61,female
subscribers_04416,48,male
subscribers_04417,48,male
subscribers_04418,66,male
subscribers_04419,26,male
subscribers_04420,25,male
subscribers_04421,68,female
subscribers_04422,22,male
subscribers_04423,29,female
subscribers_04424,37,male
subscribers_04425,60,male
subscribers_04426,64,male
subscribers_04427,33,male
subscribers_04428,69,male
subscribers_04429,71,male
subscribers_04430,23,male
subscribers_04431,62,male
subscribers_04432,64,female
subscribers_04433,48,male
subscribers_04434,24,male
subscribers_04435,15,female
subscribers_04436,65,female
subscribers_04437,59,female
subscribers_04438,88,female
subscribers_04439,32,female
subscribers_04440,63,female
subscribers_04441,31,male
subscribers_04442,79,female
subscribers_04443,80,female
subscribers_04444,17,female
subscribers_04445,39,female
subscribers_04446,59,male
subscribers_04447,38,female
subscribers_04448,15,male
subscribers_04449,57,female
subscribers_04450,71,male
subscribers_04451,39,male
subscribers_04452,49,female
subscribers_04453,35,male
subscribers_04454,67,male
subscribers_04455,66,female
subscribers_04456,76,male
subscribers_04457,47,male
subscribers_04458,59,female
subscribers_04459,21,male
subscribers_04460,31,female
subscribers_04461,29,female
subscribers_04462,32,female
subscribers_04463,51,male
subscribers_04464,59,male
subscribers_04465,19,male
subscribers_04466,25,male
subscribers_04467,36,male
subscribers_04468,60,female
subscribers_04469,23,male
subscribers_04470,31,female
subscribers_04471,29,male
subscribers_04472,29,female
subscribers_04473,27,female
subscribers_04474,29,female
subscribers_04475,35,female
subscribers_04476,18,male
subscribers_04477,23,male
subscribers_04478,26,male
subscribers_04479,39,male
subscribers_04480,68,female
subscribers_04481,24,female
subscribers_04482,38,male
subscribers_04483,59,male
subscribers_04484,28,female
subscribers_04485,46,male
subscribers_04486,24,female
subscribers_04487,17,male
subscribers_04488,68,female
subscribers_04489,55,male
subscribers_04490,72,male
subscribers_04491,40,female
subscribers_04492,18,female
subscribers_04493,41,female
subscribers_04494,44,female
subscribers_04495,58,female
subscribers_04496,22,male
subscribers_04497,36,male
subscribers_04498,19,female
subscribers_04499,65,male
subscribers_04500,25,female
subscribers_04501,58,female
subscribers_04502,58,male
subscribers_04503,42,male
subscribers_04504,33,male
subscribers_04505,19,female
subscribers_04506,65,male
subscribers_04507,23,male
subscribers_04508,46,female
subscribers_04509,48,male
subscribers_04510,35,female
subscribers_04511,20,male
subscribers_04512,60,male
subscribers_04513,31,male
subscribers_04514,63,male
subscribers_04515,42,male
subscribers_04516,65,female
subscribers_04517,23,male
subscribers_04518,18,female
subscribers_04519,29,male
subscribers_04520,60,male
subscribers_04521,24,female
subscribers_04522,63,male
subscribers_04523,48,female
subscribers_04524,79,male
subscribers_04525,20,female
subscribers_04526,34,female
subscribers_04527,49,female
subscribers_04528,45,male
subscribers_04529,57,male
subscribers_04530,34,female
subscribers_04531,20,male
subscribers_04532,26,female
subscribers_04533,22,male
subscribers_04534,55,male
subscribers_04535,54,male
subscribers_04536,58,male
subscribers_04537,46,male
subscribers_04538,20,male
subscribers_04539,20,male
subscribers_04540,32,male
subscribers_04541,53,female
subscribers_04542,55,male
subscribers_04543,20,female
subscribers_04544,52,male
subscribers_04545,18,male
subscribers_04546,64,male
subscribers_04547,62,female
subscribers_04548,42,female
subscribers_04549,48,male
subscribers_04550,26,female
subscribers_04551,59,male
subscribers_04552,65,male
subscribers_04553,22,female
subscribers_04554,63,male
subscribers_04555,45,female
subscribers_04556,22,male
subscribers_04557,51,female
subscribers_04558,40,female
subscribers_04559,15,female
subscribers_04560,55,male
subscribers_04561,63,female
subscribers_04562,54,female
subscribers_04563,33,female
subscribers_04564,23,female
subscribers_04565,38,female
subscribers_04566,17,female
subscribers_04567,64,female
subscribers_04568,55,male
subscribers_04569,81,female
subscribers_04570,29,male
subscribers_04571,35,male
subscribers_04572,20,male
subscribers_04573,70,female
subscribers_04574,22,female
subscribers_04575,35,female
subscribers_04576,19,male
subscribers_04577,41,female
subscribers_04578,35,male
subscribers_04579,52,male
subscribers_04580,33,female
subscribers_04581,77,female
subscribers_04582,56,male
subscribers_04583,44,male
subscribers_04584,16,male
subscribers_04585,62,male
subscribers_04586,93,female
subscribers_04587,33,female
subscribers_04588,54,female
subscribers_04589,32,female
subscribers_04590,37,male
subscribers_04591,24,female
subscribers_04592,22,male
subscribers_04593,32,male
subscribers_04594,60,female
subscribers_04595,36,male
subscribers_04596,31,male
subscribers_04597,23,male
subscribers_04598,57,male
subscribers_04599,23,male
subscribers_04600,29,female
subscribers_04601,36,female
subscribers_04602,41,female
subscribers_04603,48,female
subscribers_04604,45,female
subscribers_04605,32,male
subscribers_04606,39,male
subscribers_04607,65,female
subscribers_04608,90,female
subscribers_04609,77,male
subscribers_04610,37,female
subscribers_04611,50,female
subscribers_04612,57,male
subscribers_04613,63,female
subscribers_04614,42,female
subscribers_04615,52,female
subscribers_04616,22,male
subscribers_04617,62,female
subscribers_04618,16,male
subscribers_04619,50,male
subscribers_04620,48,male
subscribers_04621,22,female
subscribers_04622,37,female
subscribers_04623,20,female
subscribers_04624,41,male
subscribers_04625,70,female
subscribers_04626,57,male
subscribers_04627,59,female
subscribers_04628,30,female
subscribers_04629,26,female
subscribers_04630,53,female
subscribers_04631,29,female
subscribers_04632,17,male
subscribers_04633,63,female
subscribers_04634,30,female
subscribers_04635,22,male
subscribers_04636,25,male
subscribers_04637,30,male
subscribers_04638,60,male
subscribers_04639,28,male
subscribers_04640,60,male
subscribers_04641,27,male
subscribers_04642,67,male
subscribers_04643,22,female
subscribers_04644,39,female
subscribers_04645,52,male
subscribers_04646,23,female
subscribers_04647,51,male
subscribers_04648,40,male
subscribers_04649,41,female
subscribers_04650,29,female
subscribers_04651,40,male
subscribers_04652,21,female
subscribers_04653,74,female
subscribers_04654,62,male
subscribers_04655,46,female
subscribers_04656,27,male
subscribers_04657,55,female
subscribers_04658,57,male
subscribers_04659,20,female
subscribers_04660,33,female
subscribers_04661,29,male
subscribers_04662,19,male
subscribers_04663,19,male
subscribers_04664,45,female
subscribers_04665,41,female
subscribers_04666,47,male
subscribers_04667,30,female
subscribers_04668,22,female
subscribers_04669,16,female
subscribers_04670,44,male
subscribers_04671,18,male
subscribers_04672,57,female
subscribers_04673,30,male
subscribers_04674,18,female
subscribers_04675,57,male
subscribers_04676,28,male
subscribers_04677,30,male
subscribers_04678,64,male
subscribers_04679,51,female
subscribers_04680,30,male
subscribers_04681,65,male
subscribers_04682,50,male
subscribers_04683,52,female
subscribers_04684,23,female
subscribers_04685,65,female
subscribers_04686,24,male
subscribers_04687,20,male
subscribers_04688,24,male
subscribers_04689,46,female
subscribers_04690,86,male
subscribers_04691,26,female
subscribers_04692,73,female
subscribers_04693,21,female
subscribers_04694,26,male
subscribers_04695,50,male
subscribers_04696,19,male
subscribers_04697,18,male
subscribers_04698,65,female
subscribers_04699,31,male
subscribers_04700,64,male
subscribers_04701,55,female
subscribers_04702,41,female
subscribers_04703,67,male
subscribers_04704,26,male
subscribers_04705,49,male
subscribers_04706,57,male
subscribers_04707,50,male
subscribers_04708,23,female
subscribers_04709,65,male
subscribers_04710,42,female
subscribers_04711,36,female
subscribers_04712,18,female
subscribers_04713,47,male
subscribers_04714,60,male
subscribers_04715,40,female
subscribers_04716,54,female
subscribers_04717,53,male
subscribers_04718,36,female
subscribers_04719,30,female
subscribers_04720,39,male
subscribers_04721,71,female
subscribers_04722,25,male
subscribers_04723,22,male
subscribers_04724,62,male
subscribers_04725,64,male
subscribers_04726,36,female
subscribers_04727,18,male
subscribers_04728,39,male
subscribers_04729,37,male
subscribers_04730,21,male
subscribers_04731,61,male
subscribers_04732,21,male
subscribers_04733,39,male
subscribers_04734,59,female
subscribers_04735,23,female
subscribers_04736,33,male
subscribers_04737,35,male
subscribers_04738,78,male
subscribers_04739,51,female
subscribers_04740,48,male
subscribers_04741,20,male
subscribers_04742,22,male
subscribers_04743,52,female
subscribers_04744,59,female
subscribers_04745,21,male
subscribers_04746,46,female
subscribers_04747,50,male
subscribers_04748,20,male
subscribers_04749,79,female
subscribers_04750,34,male
subscribers_04751,88,male
subscribers_04752,23,female
subscribers_04753,57,male
subscribers_04754,42,male
subscribers_04755,42,female
subscribers_04756,31,male
subscribers_04757,52,female
subscribers_04758,29,male
subscribers_04759,28,male
subscribers_04760,37,male
subscribers_04761,76,female
subscribers_04762,37,male
subscribers_04763,17,female
subscribers_04764,62,male
subscribers_04765,19,female
subscribers_04766,75,male
subscribers_04767,24,female
subscribers_04768,61,female
subscribers_04769,24,male
subscribers_04770,16,female
subscribers_04771,28,female
subscribers_04772,59,female
subscribers_04773,23,male
subscribers_04774,24,female
subscribers_04775,59,male
subscribers_04776,68,female
subscribers_04777,45,male
subscribers_04778,53,female
subscribers_04779,49,female
subscribers_04780,15,female
subscribers_04781,22,female
subscribers_04782,34,male
subscribers_04783,44,male
subscribers_04784,26,female
subscribers_04785,18,female
subscribers_04786,75,female
subscribers_04787,29,female
subscribers_04788,58,male
subscribers_04789,22,male
subscribers_04790,41,male
subscribers_04791,25,male
subscribers_04792,67,male
subscribers_04793,35,male
subscribers_04794,37,female
subscribers_04795,47,male
subscribers_04796,62,male
subscribers_04797,64,male
subscribers_04798,30,male
subscribers_04799,50,female
subscribers_04800,58,male
subscribers_04801,59,male
subscribers_04802,77,female
subscribers_04803,57,male
subscribers_04804,40,male
subscribers_04805,67,female
subscribers_04806,27,female
subscribers_04807,25,female
subscribers_04808,30,female
subscribers_04809,16,female
subscribers_04810,18,male
subscribers_04811,41,male
subscribers_04812,21,female
subscribers_04813,52,male
subscribers_04814,26,female
subscribers_04815,34,male
subscribers_04816,26,male
subscribers_04817,45,male
subscribers_04818,62,female
subscribers_04819,29,male
subscribers_04820,20,female
subscribers_04821,45,female
subscribers_04822,15,female
subscribers_04823,65,male
subscribers_04824,40,male
subscribers_04825,23,male
subscribers_04826,52,male
subscribers_04827,27,male
subscribers_04828,16,female
subscribers_04829,41,male
subscribers_04830,42,female
subscribers_04831,36,female
subscribers_04832,47,male
subscribers_04833,56,female
subscribers_04834,33,male
subscribers_04835,22,male
subscribers_04836,23,male
subscribers_04837,77,male
subscribers_04838,42,female
subscribers_04839,16,female
subscribers_04840,27,female
subscribers_04841,53,female
subscribers_04842,51,female
subscribers_04843,47,male
subscribers_04844,53,male
subscribers_04845,84,male
subscribers_04846,38,female
subscribers_04847,68,female
subscribers_04848,15,female
subscribers_04849,52,male
subscribers_04850,50,male
subscribers_04851,23,female
subscribers_04852,28,female
subscribers_04853,48,male
subscribers_04854,82,female
subscribers_04855,71,male
subscribers_04856,57,female
subscribers_04857,39,male
subscribers_04858,35,female
subscribers_04859,54,male
subscribers_04860,65,male
subscribers_04861,15,male
subscribers_04862,30,male
subscribers_04863,25,male
subscribers_04864,31,male
subscribers_04865,51,female
subscribers_04866,54,male
subscribers_04867,44,male
subscribers_04868,15,female
subscribers_04869,65,female
subscribers_04870,57,female
subscribers_04871,26,male
subscribers_04872,23,male
subscribers_04873,42,male
subscribers_04874,55,female
subscribers_04875,36,male
subscribers_04876,15,male
subscribers_04877,65,female
subscribers_04878,17,male
subscribers_04879,38,female
subscribers_04880,65,male
subscribers_04881,35,male
subscribers_04882,31,male
subscribers_04883,43,male
subscribers_04884,36,male
subscribers_04885,39,male
subscribers_04886,56,male
subscribers_04887,23,male
subscribers_04888,31,male
subscribers_04889,20,female
subscribers_04890,44,male
subscribers_04891,49,female
subscribers_04892,48,male
subscribers_04893,58,female
subscribers_04894,53,male
subscribers_04895,67,female
subscribers_04896,48,male
subscribers_04897,20,male
subscribers_04898,18,female
subscribers_04899,23,male
subscribers_04900,58,female
subscribers_04901,19,male
subscribers_04902,44,male
subscribers_04903,45,female
subscribers_04904,28,female
subscribers_04905,39,female
subscribers_04906,64,male
subscribers_04907,70,male
subscribers_04908,24,female
subscribers_04909,24,female
subscribers_04910,16,male
subscribers_04911,19,male
subscribers_04912,37,female
subscribers_04913,35,male
subscribers_04914,25,female
subscribers_04915,16,female
subscribers_04916,57,female
subscribers_04917,47,male
subscribers_04918,31,male
subscribers_04919,69,male
subscribers_04920,63,female
subscribers_04921,34,female
subscribers_04922,21,male
subscribers_04923,23,male
subscribers_04924,31,male
subscribers_04925,61,male
subscribers_04926,22,female
subscribers_04927,35,male
subscribers_04928,31,male
subscribers_04929,17,male
subscribers_04930,42,male
subscribers_04931,75,male
subscribers_04932,32,male
subscribers_04933,54,male
subscribers_04934,65,male
subscribers_04935,32,female
subscribers_04936,18,male
subscribers_04937,32,female
subscribers_04938,82,female
subscribers_04939,38,female
subscribers_04940,47,male
subscribers_04941,71,female
subscribers_04942,66,male
subscribers_04943,20,male
subscribers_04944,56,female
subscribers_04945,43,female
subscribers_04946,64,male
subscribers_04947,45,female
subscribers_04948,22,female
subscribers_04949,53,female
subscribers_04950,34,male
subscribers_04951,34,male
subscribers_04952,39,male
subscribers_04953,32,female
subscribers_04954,48,female
subscribers_04955,50,female
subscribers_04956,60,male
subscribers_04957,47,male
subscribers_04958,38,female
subscribers_04959,50,male
subscribers_04960,64,male
subscribers_04961,28,female
subscribers_04962,27,male
subscribers_04963,40,male
subscribers_04964,23,male
subscribers_04965,28,male
subscribers_04966,22,male
subscribers_04967,23,male
subscribers_04968,27,female
subscribers_04969,18,male
subscribers_04970,51,female
subscribers_04971,27,male
subscribers_04972,64,male
subscribers_04973,20,female
subscribers_04974,64,male
subscribers_04975,47,female
subscribers_04976,27,male
subscribers_04977,32,male
subscribers_04978,62,female
subscribers_04979,41,female
subscribers_04980,21,male
subscribers_04981,30,male
subscribers_04982,46,male
subscribers_04983,39,female
subscribers_04984,20,male
subscribers_04985,54,female
subscribers_04986,77,male
subscribers_04987,49,male
subscribers_04988,27,male
subscribers_04989,71,male
subscribers_04990,56,female
subscribers_04991,29,male
subscribers_04992,23,male
subscribers_04993,60,male
subscribers_04994,60,male
subscribers_04995,35,male
subscribers_04996,59,male
subscribers_04997,35,female
subscribers_04998,42,female
subscribers_04999,18,female
subscribers_05000,35,female
subscribers_05001,16,male
subscribers_05002,57,female
subscribers_05003,46,male
subscribers_05004,30,female
subscribers_05005,51,female
subscribers_05006,78,male
subscribers_05007,16,male
subscribers_05008,76,female
subscribers_05009,43,female
subscribers_05010,23,female
subscribers_05011,45,female
subscribers_05012,42,male
subscribers_05013,36,female
subscribers_05014,21,male
subscribers_05015,16,male
subscribers_05016,63,female
subscribers_05017,72,male
subscribers_05018,78,female
subscribers_05019,37,female
subscribers_05020,49,female
subscribers_05021,26,female
subscribers_05022,30,male
subscribers_05023,41,female
subscribers_05024,62,male
subscribers_05025,79,male
subscribers_05026,49,male
subscribers_05027,78,male
subscribers_05028,62,female
subscribers_05029,67,male
subscribers_05030,59,male
subscribers_05031,39,male
subscribers_05032,77,male
subscribers_05033,58,female
subscribers_05034,23,male
subscribers_05035,20,male
subscribers_05036,21,female
subscribers_05037,65,female
subscribers_05038,21,male
subscribers_05039,20,male
subscribers_05040,90,male
subscribers_05041,78,female
subscribers_05042,29,female
subscribers_05043,15,male
subscribers_05044,58,female
subscribers_05045,44,female
subscribers_05046,15,male
subscribers_05047,25,male
subscribers_05048,38,male
subscribers_05049,18,female
subscribers_05050,37,male
subscribers_05051,43,female
subscribers_05052,76,female
subscribers_05053,40,male
subscribers_05054,60,male
subscribers_05055,60,female
subscribers_05056,53,female
subscribers_05057,27,female
subscribers_05058,39,female
subscribers_05059,51,male
subscribers_05060,33,female
subscribers_05061,43,male
subscribers_05062,51,female
subscribers_05063,22,male
subscribers_05064,61,male
subscribers_05065,50,male
subscribers_05066,42,female
subscribers_05067,56,male
subscribers_05068,16,male
subscribers_05069,32,male
subscribers_05070,17,female
subscribers_05071,46,female
subscribers_05072,18,male
subscribers_05073,48,male
subscribers_05074,79,male
subscribers_05075,39,male
subscribers_05076,52,male
subscribers_05077,25,female
subscribers_05078,31,male
subscribers_05079,28,female
subscribers_05080,19,male
subscribers_05081,20,female
subscribers_05082,67,male
subscribers_05083,43,male
subscribers_05084,72,male
subscribers_05085,66,male
subscribers_05086,36,male
subscribers_05087,59,female
subscribers_05088,50,male
subscribers_05089,32,female
subscribers_05090,31,male
subscribers_05091,36,female
subscribers_05092,76,female
subscribers_05093,57,female
subscribers_05094,72,male
subscribers_05095,65,male
subscribers_05096,21,female
subscribers_05097,76,female
subscribers_05098,57,male
subscribers_05099,20,male
subscribers_05100,25,female
subscribers_05101,34,female
subscribers_05102,48,male
subscribers_05103,33,female
subscribers_05104,27,male
subscribers_05105,39,male
subscribers_05106,43,female
subscribers_05107,58,female
subscribers_05108,38,male
subscribers_05109,46,female
subscribers_05110,50,male
subscribers_05111,53,male
subscribers_05112,47,male
subscribers_05113,44,male
subscribers_05114,20,male
subscribers_05115,25,male
subscribers_05116,43,female
subscribers_05117,47,female
subscribers_05118,27,male
subscribers_05119,47,female
subscribers_05120,73,female
subscribers_05121,15,male
subscribers_05122,39,male
subscribers_05123,43,female
subscribers_05124,38,male
subscribers_05125,89,male
subscribers_05126,31,female
subscribers_05127,38,male
subscribers_05128,17,female
subscribers_05129,27,male
subscribers_05130,68,female
subscribers_05131,76,female
subscribers_05132,65,male
subscribers_05133,32,female
subscribers_05134,52,male
subscribers_05135,27,male
subscribers_05136,70,male
subscribers_05137,56,female
subscribers_05138,37,male
subscribers_05139,66,female
subscribers_05140,55,male
subscribers_05141,65,female
subscribers_05142,42,male
subscribers_05143,17,female
subscribers_05144,19,male
subscribers_05145,60,male
subscribers_05146,44,male
subscribers_05147,71,male
subscribers_05148,27,male
subscribers_05149,18,male
subscribers_05150,34,female
subscribers_05151,62,male
subscribers_05152,39,female
subscribers_05153,54,female
subscribers_05154,32,female
subscribers_05155,39,male
subscribers_05156,23,female
subscribers_05157,28,female
subscribers_05158,79,female
subscribers_05159,51,male
subscribers_05160,49,female
subscribers_05161,42,female
subscribers_05162,31,female
subscribers_05163,49,female
subscribers_05164,60,female
subscribers_05165,31,male
subscribers_05166,51,female
subscribers_05167,21,female
subscribers_05168,37,female
subscribers_05169,22,female
subscribers_05170,57,male
subscribers_05171,26,male
subscribers_05172,35,female
subscribers_05173,22,male
subscribers_05174,38,female
subscribers_05175,41,male
subscribers_05176,43,male
subscribers_05177,31,male
subscribers_05178,59,female
subscribers_05179,60,male
subscribers_05180,27,male
subscribers_05181,26,female
subscribers_05182,46,male
subscribers_05183,27,female
subscribers_05184,59,male
subscribers_05185,78,female
subscribers_05186,65,male
subscribers_05187,78,male
subscribers_05188,58,male
subscribers_05189,50,male
subscribers_05190,15,female
subscribers_05191,25,male
subscribers_05192,25,female
subscribers_05193,16,male
subscribers_05194,44,female
subscribers_05195,24,female
subscribers_05196,36,female
subscribers_05197,52,female
subscribers_05198,45,male
subscribers_05199,20,male
subscribers_05200,54,female
subscribers_05201,32,female
subscribers_05202,27,female
subscribers_05203,41,female
subscribers_05204,31,female
subscribers_05205,24,male
subscribers_05206,26,female
subscribers_05207,41,female
subscribers_05208,15,female
subscribers_05209,39,male
subscribers_05210,47,male
subscribers_05211,46,female
subscribers_05212,31,female
subscribers_05213,55,male
subscribers_05214,44,female
subscribers_05215,70,female
subscribers_05216,55,male
subscribers_05217,62,male
subscribers_05218,43,male
subscribers_05219,19,female
subscribers_05220,23,male
subscribers_05221,36,male
subscribers_05222,44,male
subscribers_05223,66,male
subscribers_05224,45,male
subscribers_05225,17,male
subscribers_05226,47,female
subscribers_05227,18,female
subscribers_05228,46,male
subscribers_05229,21,female
subscribers_05230,33,male
subscribers_05231,29,female
subscribers_05232,25,female
subscribers_05233,79,female
subscribers_05234,21,female
subscribers_05235,20,female
subscribers_05236,20,male
subscribers_05237,67,male
subscribers_05238,28,male
subscribers_05239,46,male
subscribers_05240,18,female
subscribers_05241,64,female
subscribers_05242,59,female
subscribers_05243,54,male
subscribers_05244,26,female
subscribers_05245,48,male
subscribers_05246,56,female
subscribers_05247,35,female
subscribers_05248,24,female
subscribers_05249,39,female
subscribers_05250,62,male
subscribers_05251,26,male
subscribers_05252,56,female
subscribers_05253,26,female
subscribers_05254,24,female
subscribers_05255,37,male
subscribers_05256,22,male
subscribers_05257,41,male
subscribers_05258,31,female
subscribers_05259,23,male
subscribers_05260,55,male
subscribers_05261,31,male
subscribers_05262,41,male
subscribers_05263,16,female
subscribers_05264,30,male
subscribers_05265,63,male
subscribers_05266,29,male
subscribers_05267,34,female
subscribers_05268,75,female
subscribers_05269,60,female
subscribers_05270,78,female
subscribers_05271,31,female
subscribers_05272,52,female
subscribers_05273,45,male
subscribers_05274,57,male
subscribers_05275,54,male
subscribers_05276,70,male
subscribers_05277,31,male
subscribers_05278,24,male
subscribers_05279,65,female
subscribers_05280,36,female
subscribers_05281,48,male
subscribers_05282,40,female
subscribers_05283,26,male
subscribers_05284,27,male
subscribers_05285,54,male
subscribers_05286,64,male
subscribers_05287,46,male
subscribers_05288,53,female
subscribers_05289,76,female
subscribers_05290,43,male
subscribers_05291,35,male
subscribers_05292,53,female
subscribers_05293,46,female
subscribers_05294,25,male
subscribers_05295,65,female
subscribers_05296,60,male
subscribers_05297,28,female
subscribers_05298,57,male
subscribers_05299,57,female
subscribers_05300,63,male
subscribers_05301,58,male
subscribers_05302,15,female
subscribers_05303,28,male
subscribers_05304,27,male
subscribers_05305,66,male
subscribers_05306,28,female
subscribers_05307,27,male
subscribers_05308,51,female
subscribers_05309,78,male
subscribers_05310,42,male
subscribers_05311,36,male
subscribers_05312,26,female
subscribers_05313,47,female
subscribers_05314,40,male
subscribers_05315,38,female
subscribers_05316,38,female
subscribers_05317,16,male
subscribers_05318,58,female
subscribers_05319,58,male
subscribers_05320,50,female
subscribers_05321,20,female
subscribers_05322,44,female
subscribers_05323,71,male
subscribers_05324,66,male
subscribers_05325,40,male
subscribers_05326,47,male
subscribers_05327,23,male
subscribers_05328,36,male
subscribers_05329,30,female
subscribers_05330,42,male
subscribers_05331,32,female
subscribers_05332,65,male
subscribers_05333,19,male
subscribers_05334,31,male
subscribers_05335,30,male
subscribers_05336,18,male
subscribers_05337,42,female
subscribers_05338,20,female
subscribers_05339,21,male
subscribers_05340,56,male
subscribers_05341,87,female
subscribers_05342,58,female
subscribers_05343,54,male
subscribers_05344,58,male
subscribers_05345,36,male
subscribers_05346,18,male
subscribers_05347,57,male
subscribers_05348,21,female
subscribers_05349,37,male
subscribers_05350,54,male
subscribers_05351,23,male
subscribers_05352,44,female
subscribers_05353,68,female
subscribers_05354,41,male
subscribers_05355,75,female
subscribers_05356,45,male
subscribers_05357,53,male
subscribers_05358,15,male
subscribers_05359,45,female
subscribers_05360,28,male
subscribers_05361,43,male
subscribers_05362,43,female
subscribers_05363,23,male
subscribers_05364,50,female
subscribers_05365,61,male
subscribers_05366,17,female
subscribers_05367,59,male
subscribers_05368,58,male
subscribers_05369,72,female
subscribers_05370,59,female
subscribers_05371,54,female
subscribers_05372,41,female
subscribers_05373,17,male
subscribers_05374,27,female
subscribers_05375,19,male
subscribers_05376,67,female
subscribers_05377,43,male
subscribers_05378,51,female
subscribers_05379,37,female
subscribers_05380,38,female
subscribers_05381,46,female
subscribers_05382,45,male
subscribers_05383,50,male
subscribers_05384,24,female
subscribers_05385,86,male
subscribers_05386,24,male
subscribers_05387,47,male
subscribers_05388,24,female
subscribers_05389,54,male
subscribers_05390,32,male
subscribers_05391,47,female
subscribers_05392,29,male
subscribers_05393,53,male
subscribers_05394,23,female
subscribers_05395,19,female
subscribers_05396,45,male
subscribers_05397,67,male
subscribers_05398,65,male
subscribers_05399,30,female
subscribers_05400,62,male
subscribers_05401,74,male
subscribers_05402,42,female
subscribers_05403,29,female
subscribers_05404,63,male
subscribers_05405,48,male
subscribers_05406,49,female
subscribers_05407,64,female
subscribers_05408,60,male
subscribers_05409,65,female
subscribers_05410,35,female
subscribers_05411,41,male
subscribers_05412,29,male
subscribers_05413,24,male
subscribers_05414,28,male
subscribers_05415,56,female
subscribers_05416,25,female
subscribers_05417,52,male
subscribers_05418,39,female
subscribers_05419,57,male
subscribers_05420,43,male
subscribers_05421,85,male
subscribers_05422,44,female
subscribers_05423,38,female
subscribers_05424,51,male
subscribers_05425,68,male
subscribers_05426,40,female
subscribers_05427,16,female
subscribers_05428,55,male
subscribers_05429,17,male
subscribers_05430,46,female
subscribers_05431,58,male
subscribers_05432,33,male
subscribers_05433,26,female
subscribers_05434,43,female
subscribers_05435,27,female
subscribers_05436,30,male
subscribers_05437,24,male
subscribers_05438,45,male
subscribers_05439,41,female
subscribers_05440,44,male
subscribers_05441,49,female
subscribers_05442,58,male
subscribers_05443,25,female
subscribers_05444,86,female
subscribers_05445,28,male
subscribers_05446,16,male
subscribers_05447,35,female
subscribers_05448,62,female
subscribers_05449,35,male
subscribers_05450,19,female
subscribers_05451,31,male
subscribers_05452,22,female
subscribers_05453,35,male
subscribers_05454,61,male
subscribers_05455,55,male
subscribers_05456,41,male
subscribers_05457,73,female
subscribers_05458,25,female
subscribers_05459,65,female
subscribers_05460,52,male
subscribers_05461,51,male
subscribers_05462,79,male
subscribers_05463,43,female
subscribers_05464,37,female
subscribers_05465,34,male
subscribers_05466,62,male
subscribers_05467,20,male
subscribers_05468,20,female
subscribers_05469,27,female
subscribers_05470,65,male
subscribers_05471,32,male
subscribers_05472,51,male
subscribers_05473,77,male
subscribers_05474,33,female
subscribers_05475,29,male
subscribers_05476,76,female
subscribers_05477,40,female
subscribers_05478,16,female
subscribers_05479,34,female
subscribers_05480,43,male
subscribers_05481,31,male
subscribers_05482,15,male
subscribers_05483,33,female
subscribers_05484,53,male
subscribers_05485,49,female
subscribers_05486,93,male
subscribers_05487,63,female
subscribers_05488,55,female
subscribers_05489,56,female
subscribers_05490,15,female
subscribers_05491,58,male
subscribers_05492,46,female
subscribers_05493,18,female
subscribers_05494,45,female
subscribers_05495,16,male
subscribers_05496,62,female
subscribers_05497,43,male
subscribers_05498,64,male
subscribers_05499,50,female
subscribers_05500,58,female
subscribers_05501,27,female
subscribers_05502,52,female
subscribers_05503,16,male
subscribers_05504,26,male
subscribers_05505,54,male
subscribers_05506,16,female
subscribers_05507,59,female
subscribers_05508,20,male
subscribers_05509,65,female
subscribers_05510,40,male
subscribers_05511,54,male
subscribers_05512,35,female
subscribers_05513,18,male
subscribers_05514,33,male
subscribers_05515,72,female
subscribers_05516,31,female
subscribers_05517,48,female
subscribers_05518,21,male
subscribers_05519,17,male
subscribers_05520,45,male
subscribers_05521,31,female
subscribers_05522,23,female
subscribers_05523,52,male
subscribers_05524,32,male
subscribers_05525,81,female
subscribers_05526,64,male
subscribers_05527,58,male
subscribers_05528,51,male
subscribers_05529,17,male
subscribers_05530,44,male
subscribers_05531,39,male
subscribers_05532,39,female
subscribers_05533,30,male
subscribers_05534,48,male
subscribers_05535,17,male
subscribers_05536,65,female
subscribers_05537,42,male
subscribers_05538,51,female
subscribers_05539,64,male
subscribers_05540,35,male
subscribers_05541,29,male
subscribers_05542,26,female
subscribers_05543,22,male
subscribers_05544,36,female
subscribers_05545,21,male
subscribers_05546,36,female
subscribers_05547,47,female
subscribers_05548,61,female
subscribers_05549,39,male
subscribers_05550,17,male
subscribers_05551,40,male
subscribers_05552,55,female
subscribers_05553,26,male
subscribers_05554,68,female
subscribers_05555,38,male
subscribers_05556,64,female
subscribers_05557,41,female
subscribers_05558,40,male
subscribers_05559,44,male
subscribers_05560,26,male
subscribers_05561,51,male
subscribers_05562,30,female
subscribers_05563,19,male
subscribers_05564,15,male
subscribers_05565,51,male
subscribers_05566,56,female
subscribers_05567,30,male
subscribers_05568,35,female
subscribers_05569,26,female
subscribers_05570,63,female
subscribers_05571,40,female
subscribers_05572,40,male
subscribers_05573,49,male
subscribers_05574,27,male
subscribers_05575,20,male
subscribers_05576,53,female
subscribers_05577,66,male
subscribers_05578,51,male
subscribers_05579,18,male
subscribers_05580,63,male
subscribers_05581,45,female
subscribers_05582,91,male
subscribers_05583,65,male
subscribers_05584,39,female
subscribers_05585,41,female
subscribers_05586,26,male
subscribers_05587,30,male
subscribers_05588,49,female
subscribers_05589,49,female
subscribers_05590,15,female
subscribers_05591,24,male
subscribers_05592,67,female
subscribers_05593,38,male
subscribers_05594,74,female
subscribers_05595,29,male
subscribers_05596,60,female
subscribers_05597,63,male
subscribers_05598,17,female
subscribers_05599,40,female
subscribers_05600,34,female
subscribers_05601,58,male
subscribers_05602,31,male
subscribers_05603,23,male
subscribers_05604,75,male
subscribers_05605,19,female
subscribers_05606,33,female
subscribers_05607,70,female
subscribers_05608,41,female
subscribers_05609,29,male
subscribers_05610,23,female
subscribers_05611,22,male
subscribers_05612,59,female
subscribers_05613,70,male
subscribers_05614,46,male
subscribers_05615,50,female
subscribers_05616,15,female
subscribers_05617,23,female
subscribers_05618,85,female
subscribers_05619,20,male
subscribers_05620,56,male
subscribers_05621,83,female
subscribers_05622,61,male
subscribers_05623,19,female
subscribers_05624,43,female
subscribers_05625,30,male
subscribers_05626,36,male
subscribers_05627,23,female
subscribers_05628,42,female
subscribers_05629,47,female
subscribers_05630,37,male
subscribers_05631,51,female
subscribers_05632,85,female
subscribers_05633,45,male
subscribers_05634,50,female
subscribers_05635,30,male
subscribers_05636,57,male
subscribers_05637,70,male
subscribers_05638,71,male
subscribers_05639,47,male
subscribers_05640,55,male
subscribers_05641,55,female
subscribers_05642,42,female
subscribers_05643,21,female
subscribers_05644,32,male
subscribers_05645,65,female
subscribers_05646,25,male
subscribers_05647,19,male
subscribers_05648,36,female
subscribers_05649,48,female
subscribers_05650,47,male
subscribers_05651,55,female
subscribers_05652,27,female
subscribers_05653,38,male
subscribers_05654,24,male
subscribers_05655,26,female
subscribers_05656,69,female
subscribers_05657,26,female
subscribers_05658,19,female
subscribers_05659,31,female
subscribers_05660,34,female
subscribers_05661,60,female
subscribers_05662,52,male
subscribers_05663,85,male
subscribers_05664,24,male
subscribers_05665,40,female
subscribers_05666,35,male
subscribers_05667,20,male
subscribers_05668,26,female
subscribers_05669,45,male
subscribers_05670,50,female
subscribers_05671,29,female
subscribers_05672,19,male
subscribers_05673,41,male
subscribers_05674,52,male
subscribers_05675,56,male
subscribers_05676,56,male
subscribers_05677,33,female
subscribers_05678,49,male
subscribers_05679,52,female
subscribers_05680,34,female
subscribers_05681,32,male
subscribers_05682,54,male
subscribers_05683,19,female
subscribers_05684,63,male
subscribers_05685,37,male
subscribers_05686,65,male
subscribers_05687,28,male
subscribers_05688,30,female
subscribers_05689,20,male
subscribers_05690,35,male
subscribers_05691,18,male
subscribers_05692,52,male
subscribers_05693,60,male
subscribers_05694,64,female
subscribers_05695,17,female
subscribers_05696,47,male
subscribers_05697,62,male
subscribers_05698,21,male
subscribers_05699,16,female
subscribers_05700,55,male
subscribers_05701,70,female
subscribers_05702,30,female
subscribers_05703,28,male
subscribers_05704,43,female
subscribers_05705,30,male
subscribers_05706,21,female
subscribers_05707,47,female
subscribers_05708,29,male
subscribers_05709,15,male
subscribers_05710,27,female
subscribers_05711,51,female
subscribers_05712,35,male
subscribers_05713,77,male
subscribers_05714,65,male
subscribers_05715,19,female
subscribers_05716,53,female
subscribers_05717,42,male
subscribers_05718,25,male
subscribers_05719,65,female
subscribers_05720,69,male
subscribers_05721,36,male
subscribers_05722,50,female
subscribers_05723,20,female
subscribers_05724,60,female
subscribers_05725,40,male
subscribers_05726,41,female
subscribers_05727,27,female
subscribers_05728,60,male
subscribers_05729,29,male
subscribers_05730,62,male
subscribers_05731,63,female
subscribers_05732,58,female
subscribers_05733,23,female
subscribers_05734,25,male
subscribers_05735,19,female
subscribers_05736,57,male
subscribers_05737,19,male
subscribers_05738,39,male
subscribers_05739,25,male
subscribers_05740,33,male
subscribers_05741,45,female
subscribers_05742,27,female
subscribers_05743,27,female
subscribers_05744,16,male
subscribers_05745,65,female
subscribers_05746,38,female
subscribers_05747,61,male
subscribers_05748,48,female
subscribers_05749,53,male
subscribers_05750,29,male
subscribers_05751,56,female
subscribers_05752,45,female
subscribers_05753,41,male
subscribers_05754,46,female
subscribers_05755,63,male
subscribers_05756,76,male
subscribers_05757,65,male
subscribers_05758,58,female
subscribers_05759,27,male
subscribers_05760,19,male
subscribers_05761,17,female
subscribers_05762,74,male
subscribers_05763,31,male
subscribers_05764,17,female
subscribers_05765,37,female
subscribers_05766,85,female
subscribers_05767,77,male
subscribers_05768,57,male
subscribers_05769,15,female
subscribers_05770,58,male
subscribers_05771,26,male
subscribers_05772,36,male
subscribers_05773,58,male
subscribers_05774,18,male
subscribers_05775,33,female
subscribers_05776,60,male
subscribers_05777,63,female
subscribers_05778,35,male
subscribers_05779,69,female
subscribers_05780,61,female
subscribers_05781,18,male
subscribers_05782,53,female
subscribers_05783,16,male
subscribers_05784,53,female
subscribers_05785,45,female
subscribers_05786,68,male
subscribers_05787,51,male
subscribers_05788,65,male
subscribers_05789,55,female
subscribers_05790,37,male
subscribers_05791,54,male
subscribers_05792,76,male
subscribers_05793,31,male
subscribers_05794,31,female
subscribers_05795,19,female
subscribers_05796,85,male
subscribers_05797,73,male
subscribers_05798,49,male
subscribers_05799,80,male
subscribers_05800,42,female
subscribers_05801,55,female
subscribers_05802,26,female
subscribers_05803,26,female
subscribers_05804,32,female
subscribers_05805,90,female
subscribers_05806,64,female
subscribers_05807,78,female
subscribers_05808,78,female
subscribers_05809,15,male
subscribers_05810,61,male
subscribers_05811,28,male
subscribers_05812,23,male
subscribers_05813,95,male
subscribers_05814,54,female
subscribers_05815,37,male
subscribers_05816,40,male
subscribers_05817,39,female
subscribers_05818,22,male
subscribers_05819,26,female
subscribers_05820,34,male
subscribers_05821,21,male
subscribers_05822,51,female
subscribers_05823,56,female
subscribers_05824,26,female
subscribers_05825,17,female
subscribers_05826,39,female
subscribers_05827,74,male
subscribers_05828,63,male
subscribers_05829,91,male
subscribers_05830,46,male
subscribers_05831,59,male
subscribers_05832,21,male
subscribers_05833,58,male
subscribers_05834,20,female
subscribers_05835,67,male
subscribers_05836,30,male
subscribers_05837,22,male
subscribers_05838,76,male
subscribers_05839,32,male
subscribers_05840,81,female
subscribers_05841,35,male
subscribers_05842,56,female
subscribers_05843,22,female
subscribers_05844,64,male
subscribers_05845,32,male
subscribers_05846,64,male
subscribers_05847,28,male
subscribers_05848,19,female
subscribers_05849,48,female
subscribers_05850,55,male
subscribers_05851,37,female
subscribers_05852,35,male
subscribers_05853,58,female
subscribers_05854,56,male
subscribers_05855,35,male
subscribers_05856,16,female
subscribers_05857,84,female
subscribers_05858,71,female
subscribers_05859,72,male
subscribers_05860,37,female
subscribers_05861,27,male
subscribers_05862,37,male
subscribers_05863,27,male
subscribers_05864,19,female
subscribers_05865,55,male
subscribers_05866,37,female
subscribers_05867,41,male
subscribers_05868,71,female
subscribers_05869,23,male
subscribers_05870,50,female
subscribers_05871,58,male
subscribers_05872,44,male
subscribers_05873,29,male
subscribers_05874,44,female
subscribers_05875,41,female
subscribers_05876,52,female
subscribers_05877,65,male
subscribers_05878,33,male
subscribers_05879,23,male
subscribers_05880,45,female
subscribers_05881,19,female
subscribers_05882,50,female
subscribers_05883,57,female
subscribers_05884,50,female
subscribers_05885,22,male
subscribers_05886,61,female
subscribers_05887,39,female
subscribers_05888,49,male
subscribers_05889,20,female
subscribers_05890,55,female
subscribers_05891,57,male
subscribers_05892,82,male
subscribers_05893,94,male
subscribers_05894,66,male
subscribers_05895,42,male
subscribers_05896,49,male
subscribers_05897,46,female
subscribers_05898,39,female
subscribers_05899,27,male
subscribers_05900,42,female
subscribers_05901,28,male
subscribers_05902,48,female
subscribers_05903,65,male
subscribers_05904,25,male
subscribers_05905,60,male
subscribers_05906,19,female
subscribers_05907,44,female
subscribers_05908,80,female
subscribers_05909,29,male
subscribers_05910,72,male
subscribers_05911,19,male
subscribers_05912,52,male
subscribers_05913,65,female
subscribers_05914,60,male
subscribers_05915,65,male
subscribers_05916,53,female
subscribers_05917,17,male
subscribers_05918,35,female
subscribers_05919,16,male
subscribers_05920,20,male
subscribers_05921,61,male
subscribers_05922,41,female
subscribers_05923,20,female
subscribers_05924,61,male
subscribers_05925,78,female
subscribers_05926,45,male
subscribers_05927,64,female
subscribers_05928,50,male
subscribers_05929,50,male
subscribers_05930,65,female
subscribers_05931,24,female
subscribers_05932,49,male
subscribers_05933,49,male
subscribers_05934,30,female
subscribers_05935,23,male
subscribers_05936,68,female
subscribers_05937,46,male
subscribers_05938,48,male
subscribers_05939,22,female
subscribers_05940,36,female
subscribers_05941,31,male
subscribers_05942,26,female
subscribers_05943,52,male
subscribers_05944,40,female
subscribers_05945,65,female
subscribers_05946,18,male
subscribers_05947,25,male
subscribers_05948,57,male
subscribers_05949,31,female
subscribers_05950,35,female
subscribers_05951,42,male
subscribers_05952,61,female
subscribers_05953,36,male
subscribers_05954,41,male
subscribers_05955,34,female
subscribers_05956,28,male
subscribers_05957,28,male
subscribers_05958,61,male
subscribers_05959,33,male
subscribers_05960,59,male
subscribers_05961,68,female
subscribers_05962,45,female
subscribers_05963,17,female
subscribers_05964,53,female
subscribers_05965,28,male
subscribers_05966,40,female
subscribers_05967,18,female
subscribers_05968,22,male
subscribers_05969,38,female
subscribers_05970,32,male
subscribers_05971,56,male
subscribers_05972,64,male
subscribers_05973,46,male
subscribers_05974,28,female
subscribers_05975,65,male
subscribers_05976,45,male
subscribers_05977,27,female
subscribers_05978,76,male
subscribers_05979,25,male
subscribers_05980,44,female
subscribers_05981,25,male
subscribers_05982,36,male
subscribers_05983,31,female
subscribers_05984,69,male
subscribers_05985,55,female
subscribers_05986,15,female
subscribers_05987,34,female
subscribers_05988,50,female
subscribers_05989,61,female
subscribers_05990,53,female
subscribers_05991,71,female
subscribers_05992,49,male
subscribers_05993,39,female
subscribers_05994,80,female
subscribers_05995,23,female
subscribers_05996,28,male
subscribers_05997,30,female
subscribers_05998,26,female
subscribers_05999,61,male
subscribers_06000,19,female
subscribers_06001,40,male
subscribers_06002,22,male
subscribers_06003,28,male
subscribers_06004,22,male
subscribers_06005,57,male
subscribers_06006,68,female
subscribers_06007,26,male
subscribers_06008,17,male
subscribers_06009,51,female
subscribers_06010,22,male
subscribers_06011,37,female
subscribers_06012,61,male
subscribers_06013,68,male
subscribers_06014,63,male
subscribers_06015,49,male
subscribers_06016,38,male
subscribers_06017,42,male
subscribers_06018,23,female
subscribers_06019,48,male
subscribers_06020,48,female
subscribers_06021,30,male
subscribers_06022,49,male
subscribers_06023,18,male
subscribers_06024,38,female
subscribers_06025,56,female
subscribers_06026,39,male
subscribers_06027,81,female
subscribers_06028,44,female
subscribers_06029,29,female
subscribers_06030,41,male
subscribers_06031,43,male
subscribers_06032,19,male
subscribers_06033,56,female
subscribers_06034,22,male
subscribers_06035,40,female
subscribers_06036,29,female
subscribers_06037,17,female
subscribers_06038,51,male
subscribers_06039,47,male
subscribers_06040,19,male
subscribers_06041,48,male
subscribers_06042,18,female
subscribers_06043,40,female
subscribers_06044,24,female
subscribers_06045,59,female
subscribers_06046,37,male
subscribers_06047,52,male
subscribers_06048,29,male
subscribers_06049,23,male
subscribers_06050,47,female
subscribers_06051,28,female
subscribers_06052,46,female
subscribers_06053,22,male
subscribers_06054,69,female
subscribers_06055,44,female
subscribers_06056,67,female
subscribers_06057,18,male
subscribers_06058,35,male
subscribers_06059,28,female
subscribers_06060,50,male
subscribers_06061,42,female
subscribers_06062,18,female
subscribers_06063,54,male
subscribers_06064,20,female
subscribers_06065,17,female
subscribers_06066,33,male
subscribers_06067,22,male
subscribers_06068,29,female
subscribers_06069,52,female
subscribers_06070,65,female
subscribers_06071,21,male
subscribers_06072,35,male
subscribers_06073,53,male
subscribers_06074,64,female
subscribers_06075,60,female
subscribers_06076,26,male
subscribers_06077,21,female
subscribers_06078,61,female
subscribers_06079,63,male
subscribers_06080,29,female
subscribers_06081,23,male
subscribers_06082,32,female
subscribers_06083,56,male
subscribers_06084,69,male
subscribers_06085,87,male
subscribers_06086,58,male
subscribers_06087,48,male
subscribers_06088,27,female
subscribers_06089,59,female
subscribers_06090,29,male
subscribers_06091,69,female
subscribers_06092,21,female
subscribers_06093,76,female
subscribers_06094,28,female
subscribers_06095,24,male
subscribers_06096,41,male
subscribers_06097,60,male
subscribers_06098,38,female
subscribers_06099,28,male
subscribers_06100,30,male
subscribers_06101,58,male
subscribers_06102,25,male
subscribers_06103,56,male
subscribers_06104,48,male
subscribers_06105,61,male
subscribers_06106,73,female
subscribers_06107,29,male
subscribers_06108,73,male
subscribers_06109,37,female
subscribers_06110,50,female
subscribers_06111,48,female
subscribers_06112,59,female
subscribers_06113,47,female
subscribers_06114,62,female
subscribers_06115,28,male
subscribers_06116,67,male
subscribers_06117,30,female
subscribers_06118,75,female
subscribers_06119,65,female
subscribers_06120,22,female
subscribers_06121,63,female
subscribers_06122,26,male
subscribers_06123,65,female
subscribers_06124,43,female
subscribers_06125,68,female
subscribers_06126,15,female
subscribers_06127,23,female
subscribers_06128,91,male
subscribers_06129,24,male
subscribers_06130,35,male
subscribers_06131,59,male
subscribers_06132,25,male
subscribers_06133,48,male
subscribers_06134,74,female
subscribers_06135,60,male
subscribers_06136,39,female
subscribers_06137,20,male
subscribers_06138,37,female
subscribers_06139,22,male
subscribers_06140,54,female
subscribers_06141,67,male
subscribers_06142,19,female
subscribers_06143,23,male
subscribers_06144,44,male
subscribers_06145,28,male
subscribers_06146,18,female
subscribers_06147,56,female
subscribers_06148,16,female
subscribers_06149,51,female
subscribers_06150,51,female
subscribers_06151,28,male
subscribers_06152,32,male
subscribers_06153,25,male
subscribers_06154,65,male
subscribers_06155,45,male
subscribers_06156,60,male
subscribers_06157,65,female
subscribers_06158,47,female
subscribers_06159,51,male
subscribers_06160,17,male
subscribers_06161,63,male
subscribers_06162,61,male
subscribers_06163,30,female
subscribers_06164,42,female
subscribers_06165,39,female
subscribers_06166,41,male
subscribers_06167,67,female
subscribers_06168,42,male
subscribers_06169,23,female
subscribers_06170,56,female
subscribers_06171,55,female
subscribers_06172,32,female
subscribers_06173,49,male
subscribers_06174,45,male
subscribers_06175,22,female
subscribers_06176,31,female
subscribers_06177,17,male
subscribers_06178,21,male
subscribers_06179,54,male
subscribers_06180,67,male
subscribers_06181,27,female
subscribers_06182,27,male
subscribers_06183,43,male
subscribers_06184,74,male
subscribers_06185,43,male
subscribers_06186,60,female
subscribers_06187,29,female
subscribers_06188,50,female
subscribers_06189,45,male
subscribers_06190,19,female
subscribers_06191,65,male
subscribers_06192,20,male
subscribers_06193,47,male
subscribers_06194,79,female
subscribers_06195,27,female
subscribers_06196,23,male
subscribers_06197,41,female
subscribers_06198,39,female
subscribers_06199,22,female
subscribers_06200,46,female
subscribers_06201,25,male
subscribers_06202,25,female
subscribers_06203,55,female
subscribers_06204,82,female
subscribers_06205,32,male
subscribers_06206,15,male
subscribers_06207,58,female
subscribers_06208,46,male
subscribers_06209,34,female
subscribers_06210,41,female
subscribers_06211,40,male
subscribers_06212,57,female
subscribers_06213,47,female
subscribers_06214,37,male
subscribers_06215,15,female
subscribers_06216,26,male
subscribers_06217,28,male
subscribers_06218,70,male
subscribers_06219,32,male
subscribers_06220,69,female
subscribers_06221,34,female
subscribers_06222,25,female
subscribers_06223,18,female
subscribers_06224,39,male
subscribers_06225,46,female
subscribers_06226,24,female
subscribers_06227,29,male
subscribers_06228,58,male
subscribers_06229,63,female
subscribers_06230,60,male
subscribers_06231,17,male
subscribers_06232,30,female
subscribers_06233,60,female
subscribers_06234,27,male
subscribers_06235,20,female
subscribers_06236,51,female
subscribers_06237,23,male
subscribers_06238,16,female
subscribers_06239,62,female
subscribers_06240,33,male
subscribers_06241,43,male
subscribers_06242,36,male
subscribers_06243,48,female
subscribers_06244,22,female
subscribers_06245,23,female
subscribers_06246,52,male
subscribers_06247,18,male
subscribers_06248,75,female
subscribers_06249,79,female
subscribers_06250,30,male
subscribers_06251,26,female
subscribers_06252,49,male
subscribers_06253,19,male
subscribers_06254,71,female
subscribers_06255,33,male
subscribers_06256,54,female
subscribers_06257,24,male
subscribers_06258,34,male
subscribers_06259,15,male
subscribers_06260,19,male
subscribers_06261,15,male
subscribers_06262,21,male
subscribers_06263,58,female
subscribers_06264,25,male
subscribers_06265,33,male
subscribers_06266,22,male
subscribers_06267,45,male
subscribers_06268,40,male
subscribers_06269,29,male
subscribers_06270,66,female
subscribers_06271,60,male
subscribers_06272,23,female
subscribers_06273,16,male
subscribers_06274,18,male
subscribers_06275,44,male
subscribers_06276,60,female
subscribers_06277,20,male
subscribers_06278,20,male
subscribers_06279,70,male
subscribers_06280,64,male
subscribers_06281,17,male
subscribers_06282,43,male
subscribers_06283,64,female
subscribers_06284,48,male
subscribers_06285,20,male
subscribers_06286,27,male
subscribers_06287,26,male
subscribers_06288,38,female
subscribers_06289,21,female
subscribers_06290,19,female
subscribers_06291,28,male
subscribers_06292,36,male
subscribers_06293,52,male
subscribers_06294,84,male
subscribers_06295,29,male
subscribers_06296,26,male
subscribers_06297,46,male
subscribers_06298,72,female
subscribers_06299,49,female
subscribers_06300,60,female
subscribers_06301,24,female
subscribers_06302,30,female
subscribers_06303,50,female
subscribers_06304,18,male
subscribers_06305,46,female
subscribers_06306,66,male
subscribers_06307,45,female
subscribers_06308,18,female
subscribers_06309,41,female
subscribers_06310,61,male
subscribers_06311,62,male
subscribers_06312,41,female
subscribers_06313,34,male
subscribers_06314,26,female
subscribers_06315,58,male
subscribers_06316,63,male
subscribers_06317,63,male
subscribers_06318,51,female
subscribers_06319,52,male
subscribers_06320,65,male
subscribers_06321,24,male
subscribers_06322,49,female
subscribers_06323,20,male
subscribers_06324,16,female
subscribers_06325,41,female
subscribers_06326,48,female
subscribers_06327,22,female
subscribers_06328,41,female
subscribers_06329,24,male
subscribers_06330,19,male
subscribers_06331,26,male
subscribers_06332,23,female
subscribers_06333,86,male
subscribers_06334,70,female
subscribers_06335,18,male
subscribers_06336,32,male
subscribers_06337,42,female
subscribers_06338,17,female
subscribers_06339,50,male
subscribers_06340,24,male
subscribers_06341,68,male
subscribers_06342,46,male
subscribers_06343,17,female
subscribers_06344,59,male
subscribers_06345,42,male
subscribers_06346,24,female
subscribers_06347,52,male
subscribers_06348,62,female
subscribers_06349,20,female
subscribers_06350,17,male
subscribers_06351,46,female
subscribers_06352,20,female
subscribers_06353,24,male
subscribers_06354,16,female
subscribers_06355,62,female
subscribers_06356,82,female
subscribers_06357,56,female
subscribers_06358,36,male
subscribers_06359,32,male
subscribers_06360,18,male
subscribers_06361,28,male
subscribers_06362,29,female
subscribers_06363,21,female
subscribers_06364,58,male
subscribers_06365,56,female
subscribers_06366,18,male
subscribers_06367,28,male
subscribers_06368,45,male
subscribers_06369,20,female
subscribers_06370,45,male
subscribers_06371,18,female
subscribers_06372,48,female
subscribers_06373,49,male
subscribers_06374,19,female
subscribers_06375,65,female
subscribers_06376,35,female
subscribers_06377,36,female
subscribers_06378,30,male
subscribers_06379,66,male
subscribers_06380,31,male
subscribers_06381,48,male
subscribers_06382,36,male
subscribers_06383,45,male
subscribers_06384,52,male
subscribers_06385,29,female
subscribers_06386,37,female
subscribers_06387,19,female
subscribers_06388,32,male
subscribers_06389,26,male
subscribers_06390,24,male
subscribers_06391,19,female
subscribers_06392,39,female
subscribers_06393,24,male
subscribers_06394,26,female
subscribers_06395,46,female
subscribers_06396,53,male
subscribers_06397,21,female
subscribers_06398,36,male
subscribers_06399,37,male
subscribers_06400,32,female
subscribers_06401,43,female
subscribers_06402,63,female
subscribers_06403,22,male
subscribers_06404,49,female
subscribers_06405,20,male
subscribers_06406,46,male
subscribers_06407,15,female
subscribers_06408,31,male
subscribers_06409,82,female
subscribers_06410,24,male
subscribers_06411,32,female
subscribers_06412,38,female
subscribers_06413,59,male
subscribers_06414,43,female
subscribers_06415,64,female
subscribers_06416,65,male
subscribers_06417,27,female
subscribers_06418,22,female
subscribers_06419,58,female
subscribers_06420,50,male
subscribers_06421,15,female
subscribers_06422,34,male
subscribers_06423,33,male
subscribers_06424,63,male
subscribers_06425,65,female
subscribers_06426,47,female
subscribers_06427,16,female
subscribers_06428,54,male
subscribers_06429,35,female
subscribers_06430,18,female
subscribers_06431,54,male
subscribers_06432,70,male
subscribers_06433,52,male
subscribers_06434,46,male
subscribers_06435,16,female
subscribers_06436,51,female
subscribers_06437,21,male
subscribers_06438,59,male
subscribers_06439,50,female
subscribers_06440,51,male
subscribers_06441,30,female
subscribers_06442,33,male
subscribers_06443,41,male
subscribers_06444,21,male
subscribers_06445,25,male
subscribers_06446,87,female
subscribers_06447,55,male
subscribers_06448,17,male
subscribers_06449,24,male
subscribers_06450,50,female
subscribers_06451,61,female
subscribers_06452,24,male
subscribers_06453,29,female
subscribers_06454,19,male
subscribers_06455,40,female
subscribers_06456,32,female
subscribers_06457,85,male
subscribers_06458,63,female
subscribers_06459,52,male
subscribers_06460,58,female
subscribers_06461,30,female
subscribers_06462,51,male
subscribers_06463,56,female
subscribers_06464,32,female
subscribers_06465,48,female
subscribers_06466,68,male
subscribers_06467,62,female
subscribers_06468,39,female
subscribers_06469,35,male
subscribers_06470,19,male
subscribers_06471,26,male
subscribers_06472,63,male
subscribers_06473,39,male
subscribers_06474,29,male
subscribers_06475,20,male
subscribers_06476,65,female
subscribers_06477,22,male
subscribers_06478,21,female
subscribers_06479,19,male
subscribers_06480,25,female
subscribers_06481,61,female
subscribers_06482,54,male
subscribers_06483,40,male
subscribers_06484,25,female
subscribers_06485,64,female
subscribers_06486,45,male
subscribers_06487,51,male
subscribers_06488,22,female
subscribers_06489,15,male
subscribers_06490,22,male
subscribers_06491,19,male
subscribers_06492,72,female
subscribers_06493,33,male
subscribers_06494,39,male
subscribers_06495,47,male
subscribers_06496,24,male
subscribers_06497,35,male
subscribers_06498,60,female
subscribers_06499,68,male
subscribers_06500,61,male
subscribers_06501,23,female
subscribers_06502,60,female
subscribers_06503,49,female
subscribers_06504,37,female
subscribers_06505,43,female
subscribers_06506,18,male
subscribers_06507,46,male
subscribers_06508,34,female
subscribers_06509,54,male
subscribers_06510,76,male
subscribers_06511,28,female
subscribers_06512,20,male
subscribers_06513,25,male
subscribers_06514,36,female
subscribers_06515,30,male
subscribers_06516,46,male
subscribers_06517,42,female
subscribers_06518,62,male
subscribers_06519,39,female
subscribers_06520,66,male
subscribers_06521,65,male
subscribers_06522,19,female
subscribers_06523,27,female
subscribers_06524,31,female
subscribers_06525,15,male
subscribers_06526,76,male
subscribers_06527,23,male
subscribers_06528,62,male
subscribers_06529,26,male
subscribers_06530,31,male
subscribers_06531,34,female
subscribers_06532,59,male
subscribers_06533,73,female
subscribers_06534,15,female
subscribers_06535,62,male
subscribers_06536,59,male
subscribers_06537,65,female
subscribers_06538,88,female
subscribers_06539,43,male
subscribers_06540,19,male
subscribers_06541,49,male
subscribers_06542,28,female
subscribers_06543,36,female
subscribers_06544,92,female
subscribers_06545,21,female
subscribers_06546,58,female
subscribers_06547,58,male
subscribers_06548,29,female
subscribers_06549,39,female
subscribers_06550,62,female
subscribers_06551,62,male
subscribers_06552,15,female
subscribers_06553,33,male
subscribers_06554,39,female
subscribers_06555,89,male
subscribers_06556,28,male
subscribers_06557,27,male
subscribers_06558,79,male
subscribers_06559,19,male
subscribers_06560,41,female
subscribers_06561,65,male
subscribers_06562,43,male
subscribers_06563,49,male
subscribers_06564,37,male
subscribers_06565,39,female
subscribers_06566,56,male
subscribers_06567,56,male
subscribers_06568,58,female
subscribers_06569,67,female
subscribers_06570,38,male
subscribers_06571,30,male
subscribers_06572,26,female
subscribers_06573,25,female
subscribers_06574,84,male
subscribers_06575,38,male
subscribers_06576,57,male
subscribers_06577,25,male
subscribers_06578,63,female
subscribers_06579,34,female
subscribers_06580,67,female
subscribers_06581,46,female
subscribers_06582,54,male
subscribers_06583,63,male
subscribers_06584,34,female
subscribers_06585,55,male
subscribers_06586,41,male
subscribers_06587,18,male
subscribers_06588,56,male
subscribers_06589,83,male
subscribers_06590,33,female
subscribers_06591,33,male
subscribers_06592,57,male
subscribers_06593,27,male
subscribers_06594,62,male
subscribers_06595,16,male
subscribers_06596,62,female
subscribers_06597,57,female
subscribers_06598,54,female
subscribers_06599,33,female
subscribers_06600,37,male
subscribers_06601,25,female
subscribers_06602,55,male
subscribers_06603,32,male
subscribers_06604,34,male
subscribers_06605,69,female
subscribers_06606,36,male
subscribers_06607,35,male
subscribers_06608,65,male
subscribers_06609,33,female
subscribers_06610,35,female
subscribers_06611,25,female
subscribers_06612,34,male
subscribers_06613,25,female
subscribers_06614,25,male
subscribers_06615,22,female
subscribers_06616,44,female
subscribers_06617,37,male
subscribers_06618,29,female
subscribers_06619,28,female
subscribers_06620,39,female
subscribers_06621,62,male
subscribers_06622,45,female
subscribers_06623,41,male
subscribers_06624,20,female
subscribers_06625,32,male
subscribers_06626,58,male
subscribers_06627,28,female
subscribers_06628,30,female
subscribers_06629,18,male
subscribers_06630,27,male
subscribers_06631,40,female
subscribers_06632,53,male
subscribers_06633,51,male
subscribers_06634,16,male
subscribers_06635,33,female
subscribers_06636,17,male
subscribers_06637,28,female
subscribers_06638,16,female
subscribers_06639,26,male
subscribers_06640,42,male
subscribers_06641,55,female
subscribers_06642,64,male
subscribers_06643,24,male
subscribers_06644,47,male
subscribers_06645,33,female
subscribers_06646,21,male
subscribers_06647,34,male
subscribers_06648,41,female
subscribers_06649,51,female
subscribers_06650,15,female
subscribers_06651,58,male
subscribers_06652,47,female
subscribers_06653,23,female
subscribers_06654,30,male
subscribers_06655,17,female
subscribers_06656,34,female
subscribers_06657,29,male
subscribers_06658,64,female
subscribers_06659,15,female
subscribers_06660,65,female
subscribers_06661,23,male
subscribers_06662,31,female
subscribers_06663,55,male
subscribers_06664,25,female
subscribers_06665,45,male
subscribers_06666,19,male
subscribers_06667,21,female
subscribers_06668,65,male
subscribers_06669,49,male
subscribers_06670,64,male
subscribers_06671,65,female
subscribers_06672,75,male
subscribers_06673,60,female
subscribers_06674,34,female
subscribers_06675,51,male
subscribers_06676,28,male
subscribers_06677,61,female
subscribers_06678,44,female
subscribers_06679,65,male
subscribers_06680,15,male
subscribers_06681,64,male
subscribers_06682,54,female
subscribers_06683,23,male
subscribers_06684,43,male
subscribers_06685,63,female
subscribers_06686,19,male
subscribers_06687,41,male
subscribers_06688,49,female
subscribers_06689,21,female
subscribers_06690,21,female
subscribers_06691,22,female
subscribers_06692,57,female
subscribers_06693,71,male
subscribers_06694,28,male
subscribers_06695,65,male
subscribers_06696,47,female
subscribers_06697,26,male
subscribers_06698,49,male
subscribers_06699,40,male
subscribers_06700,17,female
subscribers_06701,41,female
subscribers_06702,56,male
subscribers_06703,46,male
subscribers_06704,52,male
subscribers_06705,50,female
subscribers_06706,34,female
subscribers_06707,51,male
subscribers_06708,51,male
subscribers_06709,32,female
subscribers_06710,38,male
subscribers_06711,21,male
subscribers_06712,67,female
subscribers_06713,43,male
subscribers_06714,46,female
subscribers_06715,55,female
subscribers_06716,21,female
subscribers_06717,63,male
subscribers_06718,24,female
subscribers_06719,44,female
subscribers_06720,57,male
subscribers_06721,25,female
subscribers_06722,53,female
subscribers_06723,32,female
subscribers_06724,56,male
subscribers_06725,47,female
subscribers_06726,57,female
subscribers_06727,40,male
subscribers_06728,47,female
subscribers_06729,29,female
subscribers_06730,61,male
subscribers_06731,21,male
subscribers_06732,22,male
subscribers_06733,55,female
subscribers_06734,36,female
subscribers_06735,64,male
subscribers_06736,40,male
subscribers_06737,53,male
subscribers_06738,53,female
subscribers_06739,18,female
subscribers_06740,49,female
subscribers_06741,70,male
subscribers_06742,33,male
subscribers_06743,43,male
subscribers_06744,58,female
subscribers_06745,23,male
subscribers_06746,59,male
subscribers_06747,56,male
subscribers_06748,35,female
subscribers_06749,44,male
subscribers_06750,22,male
subscribers_06751,34,male
subscribers_06752,40,male
subscribers_06753,24,male
subscribers_06754,52,male
subscribers_06755,52,male
subscribers_06756,25,male
subscribers_06757,65,female
subscribers_06758,34,female
subscribers_06759,40,male
subscribers_06760,50,female
subscribers_06761,42,male
subscribers_06762,58,female
subscribers_06763,61,male
subscribers_06764,51,female
subscribers_06765,65,female
subscribers_06766,58,male
subscribers_06767,43,male
subscribers_06768,34,female
subscribers_06769,41,male
subscribers_06770,36,female
subscribers_06771,17,female
subscribers_06772,58,female
subscribers_06773,44,female
subscribers_06774,51,female
subscribers_06775,28,female
subscribers_06776,26,female
subscribers_06777,35,female
subscribers_06778,59,male
subscribers_06779,22,male
subscribers_06780,30,female
subscribers_06781,19,male
subscribers_06782,34,female
subscribers_06783,65,female
subscribers_06784,18,female
subscribers_06785,22,male
subscribers_06786,55,male
subscribers_06787,40,female
subscribers_06788,19,female
subscribers_06789,15,male
subscribers_06790,22,male
subscribers_06791,39,female
subscribers_06792,20,male
subscribers_06793,16,male
subscribers_06794,15,male
subscribers_06795,70,female
subscribers_06796,22,female
subscribers_06797,65,male
subscribers_06798,62,male
subscribers_06799,61,male
subscribers_06800,76,male
subscribers_06801,23,male
subscribers_06802,33,female
subscribers_06803,18,female
subscribers_06804,33,male
subscribers_06805,20,male
subscribers_06806,64,male
subscribers_06807,35,male
subscribers_06808,79,male
subscribers_06809,26,male
subscribers_06810,17,female
subscribers_06811,50,female
subscribers_06812,20,male
subscribers_06813,35,female
subscribers_06814,39,female
subscribers_06815,32,female
subscribers_06816,66,male
subscribers_06817,16,female
subscribers_06818,70,male
subscribers_06819,19,male
subscribers_06820,27,male
subscribers_06821,59,male
subscribers_06822,53,male
subscribers_06823,28,female
subscribers_06824,47,male
subscribers_06825,28,female
subscribers_06826,51,male
subscribers_06827,42,female
subscribers_06828,42,female
subscribers_06829,25,male
subscribers_06830,43,female
subscribers_06831,64,female
subscribers_06832,42,female
subscribers_06833,25,female
subscribers_06834,87,female
subscribers_06835,49,male
subscribers_06836,53,male
subscribers_06837,33,male
subscribers_06838,52,female
subscribers_06839,83,male
subscribers_06840,24,male
subscribers_06841,66,male
subscribers_06842,33,male
subscribers_06843,46,male
subscribers_06844,81,male
subscribers_06845,17,female
subscribers_06846,53,male
subscribers_06847,61,male
subscribers_06848,30,male
subscribers_06849,41,male
subscribers_06850,91,female
subscribers_06851,70,female
subscribers_06852,76,female
subscribers_06853,62,male
subscribers_06854,41,female
subscribers_06855,65,male
subscribers_06856,25,female
subscribers_06857,28,female
subscribers_06858,62,female
subscribers_06859,36,female
subscribers_06860,52,male
subscribers_06861,69,male
subscribers_06862,61,female
subscribers_06863,49,female
subscribers_06864,64,male
subscribers_06865,55,male
subscribers_06866,41,male
subscribers_06867,70,male
subscribers_06868,24,male
subscribers_06869,20,male
subscribers_06870,21,male
subscribers_06871,19,male
subscribers_06872,74,male
subscribers_06873,26,female
subscribers_06874,15,female
subscribers_06875,18,male
subscribers_06876,24,female
subscribers_06877,54,male
subscribers_06878,64,female
subscribers_06879,48,male
subscribers_06880,40,male
subscribers_06881,17,male
subscribers_06882,22,female
subscribers_06883,17,female
subscribers_06884,21,male
subscribers_06885,22,male
subscribers_06886,26,male
subscribers_06887,15,female
subscribers_06888,33,male
subscribers_06889,18,male
subscribers_06890,18,female
subscribers_06891,36,male
subscribers_06892,58,male
subscribers_06893,15,female
subscribers_06894,45,male
subscribers_06895,24,male
subscribers_06896,57,male
subscribers_06897,58,male
subscribers_06898,27,male
subscribers_06899,33,female
subscribers_06900,30,female
subscribers_06901,19,male
subscribers_06902,48,female
subscribers_06903,47,male
subscribers_06904,51,female
subscribers_06905,36,male
subscribers_06906,21,female
subscribers_06907,40,male
subscribers_06908,80,female
subscribers_06909,22,male
subscribers_06910,37,female
subscribers_06911,36,female
subscribers_06912,29,male
subscribers_06913,50,female
subscribers_06914,22,male
subscribers_06915,37,female
subscribers_06916,46,female
subscribers_06917,21,male
subscribers_06918,68,female
subscribers_06919,52,male
subscribers_06920,37,female
subscribers_06921,27,female
subscribers_06922,44,female
subscribers_06923,61,female
subscribers_06924,59,male
subscribers_06925,58,male
subscribers_06926,56,female
subscribers_06927,23,female
subscribers_06928,26,female
subscribers_06929,29,male
subscribers_06930,59,male
subscribers_06931,50,female
subscribers_06932,53,female
subscribers_06933,40,female
subscribers_06934,20,female
subscribers_06935,16,male
subscribers_06936,49,male
subscribers_06937,51,female
subscribers_06938,21,male
subscribers_06939,19,female
subscribers_06940,22,male
subscribers_06941,23,female
subscribers_06942,33,female
subscribers_06943,37,female
subscribers_06944,50,male
subscribers_06945,27,female
subscribers_06946,64,female
subscribers_06947,50,male
subscribers_06948,45,female
subscribers_06949,60,male
subscribers_06950,47,female
subscribers_06951,27,female
subscribers_06952,24,male
subscribers_06953,57,male
subscribers_06954,31,male
subscribers_06955,74,male
subscribers_06956,23,male
subscribers_06957,30,male
subscribers_06958,29,female
subscribers_06959,19,female
subscribers_06960,32,male
subscribers_06961,20,male
subscribers_06962,65,female
subscribers_06963,18,male
subscribers_06964,37,female
subscribers_06965,16,male
subscribers_06966,45,male
subscribers_06967,18,female
subscribers_06968,54,male
subscribers_06969,77,female
subscribers_06970,48,male
subscribers_06971,52,male
subscribers_06972,60,male
subscribers_06973,45,male
subscribers_06974,23,female
subscribers_06975,62,male
subscribers_06976,63,male
subscribers_06977,83,female
subscribers_06978,23,male
subscribers_06979,38,male
subscribers_06980,42,female
subscribers_06981,37,male
subscribers_06982,27,male
subscribers_06983,17,male
subscribers_06984,36,female
subscribers_06985,18,male
subscribers_06986,33,male
subscribers_06987,63,male
subscribers_06988,61,female
subscribers_06989,40,male
subscribers_06990,57,male
subscribers_06991,77,male
subscribers_06992,36,male
subscribers_06993,63,female
subscribers_06994,15,male
subscribers_06995,44,male
subscribers_06996,67,female
subscribers_06997,70,male
subscribers_06998,19,male
subscribers_06999,82,female
subscribers_07000,64,female
subscribers_07001,49,male
subscribers_07002,28,female
subscribers_07003,59,female
subscribers_07004,69,male
subscribers_07005,17,male
subscribers_07006,58,male
subscribers_07007,39,male
subscribers_07008,17,female
subscribers_07009,20,male
subscribers_07010,21,male
subscribers_07011,18,male
subscribers_07012,32,female
subscribers_07013,50,female
subscribers_07014,25,female
subscribers_07015,52,female
subscribers_07016,19,male
subscribers_07017,50,male
subscribers_07018,40,male
subscribers_07019,25,male
subscribers_07020,37,female
subscribers_07021,43,male
subscribers_07022,66,female
subscribers_07023,53,female
subscribers_07024,39,female
subscribers_07025,65,male
subscribers_07026,56,female
subscribers_07027,57,male
subscribers_07028,39,male
subscribers_07029,29,female
subscribers_07030,31,female
subscribers_07031,36,female
subscribers_07032,59,male
subscribers_07033,51,female
subscribers_07034,67,female
subscribers_07035,58,male
subscribers_07036,25,male
subscribers_07037,35,male
subscribers_07038,73,female
subscribers_07039,65,male
subscribers_07040,34,female
subscribers_07041,60,male
subscribers_07042,45,female
subscribers_07043,18,male
subscribers_07044,42,male
subscribers_07045,70,male
subscribers_07046,49,female
subscribers_07047,49,male
subscribers_07048,53,male
subscribers_07049,30,male
subscribers_07050,53,female
subscribers_07051,23,female
subscribers_07052,48,female
subscribers_07053,88,female
subscribers_07054,17,female
subscribers_07055,43,female
subscribers_07056,63,male
subscribers_07057,44,male
subscribers_07058,20,male
subscribers_07059,52,male
subscribers_07060,38,male
subscribers_07061,79,female
subscribers_07062,38,female
subscribers_07063,49,female
subscribers_07064,17,male
subscribers_07065,16,female
subscribers_07066,16,male
subscribers_07067,16,female
subscribers_07068,20,male
subscribers_07069,15,female
subscribers_07070,70,male
subscribers_07071,17,female
subscribers_07072,31,female
subscribers_07073,39,male
subscribers_07074,32,male
subscribers_07075,73,female
subscribers_07076,20,male
subscribers_07077,61,male
subscribers_07078,44,male
subscribers_07079,40,male
subscribers_07080,34,female
subscribers_07081,63,female
subscribers_07082,19,male
subscribers_07083,30,male
subscribers_07084,29,female
subscribers_07085,29,male
subscribers_07086,22,male
subscribers_07087,51,female
subscribers_07088,26,female
subscribers_07089,56,male
subscribers_07090,55,female
subscribers_07091,54,male
subscribers_07092,60,male
subscribers_07093,44,female
subscribers_07094,42,male
subscribers_07095,26,female
subscribers_07096,47,female
subscribers_07097,22,female
subscribers_07098,21,female
subscribers_07099,35,male
subscribers_07100,26,female
subscribers_07101,94,male
subscribers_07102,79,male
subscribers_07103,18,male
subscribers_07104,24,female
subscribers_07105,22,female
subscribers_07106,26,female
subscribers_07107,20,male
subscribers_07108,55,male
subscribers_07109,66,male
subscribers_07110,64,female
subscribers_07111,28,female
subscribers_07112,33,male
subscribers_07113,53,male
subscribers_07114,26,female
subscribers_07115,27,female
subscribers_07116,64,male
subscribers_07117,34,female
subscribers_07118,34,male
subscribers_07119,48,female
subscribers_07120,37,male
subscribers_07121,47,male
subscribers_07122,32,male
subscribers_07123,16,male
subscribers_07124,16,male
subscribers_07125,16,male
subscribers_07126,34,female
subscribers_07127,65,male
subscribers_07128,23,male
subscribers_07129,30,male
subscribers_07130,34,female
subscribers_07131,53,male
subscribers_07132,73,male
subscribers_07133,66,male
subscribers_07134,26,female
subscribers_07135,62,female
subscribers_07136,20,male
subscribers_07137,46,male
subscribers_07138,36,female
subscribers_07139,38,female
subscribers_07140,58,female
subscribers_07141,20,female
subscribers_07142,67,male
subscribers_07143,32,male
subscribers_07144,15,male
subscribers_07145,46,female
subscribers_07146,28,female
subscribers_07147,21,female
subscribers_07148,65,male
subscribers_07149,51,female
subscribers_07150,53,male
subscribers_07151,35,male
subscribers_07152,61,female
subscribers_07153,37,male
subscribers_07154,60,male
subscribers_07155,53,female
subscribers_07156,31,female
subscribers_07157,22,male
subscribers_07158,29,male
subscribers_07159,57,male
subscribers_07160,48,male
subscribers_07161,40,male
subscribers_07162,59,male
subscribers_07163,25,female
subscribers_07164,40,male
subscribers_07165,65,male
subscribers_07166,23,female
subscribers_07167,47,female
subscribers_07168,37,female
subscribers_07169,20,male
subscribers_07170,17,female
subscribers_07171,22,male
subscribers_07172,30,male
subscribers_07173,49,female
subscribers_07174,42,female
subscribers_07175,15,female
subscribers_07176,21,male
subscribers_07177,48,male
subscribers_07178,47,male
subscribers_07179,57,male
subscribers_07180,34,female
subscribers_07181,44,male
subscribers_07182,35,female
subscribers_07183,83,female
subscribers_07184,37,female
subscribers_07185,53,male
subscribers_07186,40,male
subscribers_07187,32,male
subscribers_07188,17,female
subscribers_07189,37,female
subscribers_07190,16,female
subscribers_07191,56,male
subscribers_07192,21,female
subscribers_07193,39,female
subscribers_07194,51,female
subscribers_07195,15,female
subscribers_07196,35,male
subscribers_07197,15,male
subscribers_07198,52,female
subscribers_07199,20,male
subscribers_07200,49,male
subscribers_07201,41,female
subscribers_07202,43,female
subscribers_07203,55,male
subscribers_07204,18,male
subscribers_07205,36,female
subscribers_07206,63,male
subscribers_07207,59,male
subscribers_07208,83,female
subscribers_07209,46,male
subscribers_07210,33,male
subscribers_07211,37,male
subscribers_07212,20,female
subscribers_07213,47,male
subscribers_07214,23,female
subscribers_07215,34,female
subscribers_07216,18,male
subscribers_07217,25,male
subscribers_07218,46,male
subscribers_07219,50,male
subscribers_07220,33,female
subscribers_07221,50,male
subscribers_07222,18,female
subscribers_07223,63,female
subscribers_07224,29,female
subscribers_07225,73,female
subscribers_07226,57,female
subscribers_07227,53,male
subscribers_07228,15,male
subscribers_07229,25,male
subscribers_07230,24,female
subscribers_07231,53,male
subscribers_07232,32,male
subscribers_07233,59,male
subscribers_07234,22,male
subscribers_07235,22,female
subscribers_07236,50,male
subscribers_07237,30,female
subscribers_07238,63,male
subscribers_07239,88,male
subscribers_07240,46,female
subscribers_07241,75,female
subscribers_07242,43,female
subscribers_07243,34,male
subscribers_07244,68,female
subscribers_07245,15,female
subscribers_07246,46,female
subscribers_07247,37,female
subscribers_07248,75,male
subscribers_07249,31,male
subscribers_07250,34,male
subscribers_07251,52,female
subscribers_07252,22,male
subscribers_07253,53,female
subscribers_07254,15,male
subscribers_07255,58,male
subscribers_07256,49,male
subscribers_07257,33,male
subscribers_07258,55,female
subscribers_07259,54,female
subscribers_07260,15,female
subscribers_07261,63,male
subscribers_07262,57,male
subscribers_07263,19,female
subscribers_07264,52,male
subscribers_07265,28,female
subscribers_07266,55,female
subscribers_07267,52,female
subscribers_07268,79,male
subscribers_07269,24,male
subscribers_07270,40,male
subscribers_07271,45,male
subscribers_07272,27,male
subscribers_07273,48,male
subscribers_07274,29,male
subscribers_07275,44,female
subscribers_07276,59,male
subscribers_07277,53,male
subscribers_07278,56,male
subscribers_07279,29,male
subscribers_07280,63,female
subscribers_07281,29,female
subscribers_07282,19,male
subscribers_07283,59,male
subscribers_07284,46,male
subscribers_07285,39,male
subscribers_07286,51,female
subscribers_07287,65,male
subscribers_07288,40,male
subscribers_07289,64,male
subscribers_07290,23,male
subscribers_07291,39,male
subscribers_07292,52,male
subscribers_07293,23,male
subscribers_07294,22,male
subscribers_07295,22,male
subscribers_07296,61,male
subscribers_07297,53,female
subscribers_07298,38,male
subscribers_07299,45,male
subscribers_07300,31,female
subscribers_07301,60,male
subscribers_07302,30,female
subscribers_07303,23,female
subscribers_07304,31,male
subscribers_07305,27,female
subscribers_07306,59,male
subscribers_07307,61,female
subscribers_07308,36,female
subscribers_07309,53,female
subscribers_07310,29,male
subscribers_07311,40,female
subscribers_07312,61,male
subscribers_07313,71,male
subscribers_07314,80,male
subscribers_07315,45,female
subscribers_07316,57,female
subscribers_07317,25,female
subscribers_07318,29,male
subscribers_07319,50,male
subscribers_07320,20,female
subscribers_07321,57,male
subscribers_07322,67,female
subscribers_07323,36,female
subscribers_07324,34,female
subscribers_07325,65,female
subscribers_07326,23,male
subscribers_07327,49,female
subscribers_07328,37,female
subscribers_07329,63,male
subscribers_07330,19,female
subscribers_07331,29,male
subscribers_07332,21,female
subscribers_07333,28,male
subscribers_07334,64,male
subscribers_07335,32,female
subscribers_07336,40,female
subscribers_07337,15,male
subscribers_07338,16,female
subscribers_07339,49,female
subscribers_07340,62,male
subscribers_07341,65,male
subscribers_07342,49,female
subscribers_07343,66,female
subscribers_07344,18,male
subscribers_07345,20,male
subscribers_07346,26,male
subscribers_07347,60,male
subscribers_07348,24,male
subscribers_07349,41,female
subscribers_07350,32,male
subscribers_07351,56,female
subscribers_07352,42,male
subscribers_07353,17,female
subscribers_07354,16,male
subscribers_07355,50,male
subscribers_07356,65,female
subscribers_07357,38,male
subscribers_07358,27,female
subscribers_07359,41,male
subscribers_07360,41,male
subscribers_07361,34,female
subscribers_07362,29,female
subscribers_07363,22,male
subscribers_07364,59,female
subscribers_07365,67,female
subscribers_07366,23,male
subscribers_07367,36,female
subscribers_07368,28,female
subscribers_07369,49,male
subscribers_07370,48,female
subscribers_07371,34,male
subscribers_07372,28,male
subscribers_07373,16,male
subscribers_07374,62,female
subscribers_07375,47,male
subscribers_07376,20,female
subscribers_07377,54,male
subscribers_07378,26,female
subscribers_07379,39,female
subscribers_07380,60,female
subscribers_07381,35,female
subscribers_07382,54,female
subscribers_07383,17,male
subscribers_07384,21,female
subscribers_07385,55,male
subscribers_07386,62,male
subscribers_07387,62,female
subscribers_07388,15,male
subscribers_07389,22,female
subscribers_07390,61,male
subscribers_07391,41,male
subscribers_07392,23,male
subscribers_07393,38,male
subscribers_07394,50,female
subscribers_07395,27,female
subscribers_07396,30,female
subscribers_07397,44,female
subscribers_07398,45,female
subscribers_07399,53,male
subscribers_07400,25,male
subscribers_07401,22,male
subscribers_07402,28,female
subscribers_07403,18,male
subscribers_07404,50,male
subscribers_07405,48,female
subscribers_07406,34,female
subscribers_07407,29,female
subscribers_07408,17,male
subscribers_07409,17,male
subscribers_07410,42,female
subscribers_07411,24,female
subscribers_07412,52,female
subscribers_07413,27,male
subscribers_07414,31,female
subscribers_07415,17,female
subscribers_07416,51,male
subscribers_07417,59,male
subscribers_07418,27,male
subscribers_07419,78,female
subscribers_07420,15,female
subscribers_07421,32,female
subscribers_07422,57,female
subscribers_07423,22,male
subscribers_07424,16,female
subscribers_07425,55,male
subscribers_07426,69,female
subscribers_07427,38,female
subscribers_07428,73,female
subscribers_07429,53,male
subscribers_07430,65,male
subscribers_07431,27,male
subscribers_07432,45,male
subscribers_07433,63,male
subscribers_07434,60,male
subscribers_07435,39,female
subscribers_07436,25,male
subscribers_07437,29,male
subscribers_07438,41,male
subscribers_07439,68,female
subscribers_07440,19,male
subscribers_07441,19,male
subscribers_07442,41,male
subscribers_07443,16,female
subscribers_07444,22,male
subscribers_07445,25,male
subscribers_07446,29,male
subscribers_07447,18,male
subscribers_07448,22,female
subscribers_07449,60,male
subscribers_07450,65,female
subscribers_07451,37,male
subscribers_07452,16,male
subscribers_07453,71,female
subscribers_07454,19,female
subscribers_07455,15,male
subscribers_07456,69,female
subscribers_07457,32,female
subscribers_07458,72,female
subscribers_07459,45,male
subscribers_07460,40,male
subscribers_07461,21,female
subscribers_07462,48,female
subscribers_07463,37,female
subscribers_07464,53,female
subscribers_07465,26,male
subscribers_07466,28,male
subscribers_07467,64,male
subscribers_07468,19,female
subscribers_07469,60,female
subscribers_07470,65,male
subscribers_07471,53,male
subscribers_07472,44,male
subscribers_07473,32,female
subscribers_07474,25,female
subscribers_07475,59,female
subscribers_07476,25,female
subscribers_07477,19,male
subscribers_07478,40,female
subscribers_07479,23,male
subscribers_07480,36,female
subscribers_07481,16,female
subscribers_07482,64,female
subscribers_07483,23,male
subscribers_07484,27,male
subscribers_07485,64,female
subscribers_07486,56,female
subscribers_07487,61,male
subscribers_07488,35,male
subscribers_07489,43,male
subscribers_07490,39,female
subscribers_07491,30,female
subscribers_07492,34,male
subscribers_07493,21,female
subscribers_07494,47,female
subscribers_07495,16,male
subscribers_07496,26,male
subscribers_07497,34,male
subscribers_07498,36,male
subscribers_07499,56,male
subscribers_07500,18,female
subscribers_07501,25,female
subscribers_07502,52,male
subscribers_07503,34,female
subscribers_07504,19,female
subscribers_07505,60,male
subscribers_07506,24,male
subscribers_07507,43,male
subscribers_07508,19,female
subscribers_07509,32,male
subscribers_07510,33,male
subscribers_07511,67,female
subscribers_07512,60,female
subscribers_07513,44,male
subscribers_07514,20,female
subscribers_07515,75,female
subscribers_07516,47,male
subscribers_07517,22,male
subscribers_07518,26,female
subscribers_07519,54,female
subscribers_07520,26,male
subscribers_07521,22,male
subscribers_07522,33,female
subscribers_07523,45,female
subscribers_07524,30,male
subscribers_07525,59,female
subscribers_07526,29,male
subscribers_07527,35,male
subscribers_07528,69,female
subscribers_07529,68,male
subscribers_07530,39,male
subscribers_07531,22,female
subscribers_07532,78,male
subscribers_07533,75,female
subscribers_07534,33,female
subscribers_07535,46,female
subscribers_07536,45,female
subscribers_07537,23,male
subscribers_07538,66,male
subscribers_07539,26,male
subscribers_07540,37,male
subscribers_07541,51,male
subscribers_07542,16,male
subscribers_07543,60,female
subscribers_07544,46,male
subscribers_07545,80,female
subscribers_07546,62,female
subscribers_07547,57,male
subscribers_07548,35,male
subscribers_07549,16,male
subscribers_07550,66,female
subscribers_07551,82,male
subscribers_07552,16,male
subscribers_07553,52,male
subscribers_07554,53,male
subscribers_07555,67,female
subscribers_07556,17,male
subscribers_07557,34,male
subscribers_07558,22,female
subscribers_07559,65,female
subscribers_07560,63,female
subscribers_07561,25,female
subscribers_07562,46,female
subscribers_07563,40,male
subscribers_07564,31,female
subscribers_07565,49,male
subscribers_07566,39,female
subscribers_07567,29,female
subscribers_07568,54,male
subscribers_07569,40,male
subscribers_07570,23,male
subscribers_07571,27,female
subscribers_07572,35,female
subscribers_07573,32,male
subscribers_07574,35,male
subscribers_07575,19,male
subscribers_07576,35,female
subscribers_07577,28,male
subscribers_07578,40,female
subscribers_07579,20,male
subscribers_07580,46,female
subscribers_07581,53,female
subscribers_07582,53,female
subscribers_07583,79,female
subscribers_07584,44,female
subscribers_07585,45,female
subscribers_07586,63,female
subscribers_07587,26,female
subscribers_07588,43,male
subscribers_07589,43,male
subscribers_07590,58,female
subscribers_07591,93,male
subscribers_07592,59,female
subscribers_07593,25,male
subscribers_07594,16,male
subscribers_07595,18,male
subscribers_07596,45,female
subscribers_07597,36,male
subscribers_07598,32,female
subscribers_07599,47,female
subscribers_07600,29,female
subscribers_07601,24,male
subscribers_07602,51,female
subscribers_07603,39,female
subscribers_07604,22,female
subscribers_07605,78,male
subscribers_07606,15,male
subscribers_07607,54,female
subscribers_07608,35,male
subscribers_07609,23,male
subscribers_07610,45,male
subscribers_07611,30,female
subscribers_07612,25,female
subscribers_07613,17,female
subscribers_07614,53,female
subscribers_07615,49,female
subscribers_07616,55,male
subscribers_07617,75,male
subscribers_07618,29,male
subscribers_07619,25,female
subscribers_07620,15,male
subscribers_07621,58,male
subscribers_07622,35,male
subscribers_07623,41,male
subscribers_07624,56,female
subscribers_07625,53,female
subscribers_07626,54,female
subscribers_07627,18,male
subscribers_07628,21,male
subscribers_07629,55,male
subscribers_07630,20,female
subscribers_07631,58,male
subscribers_07632,31,female
subscribers_07633,17,male
subscribers_07634,26,female
subscribers_07635,42,male
subscribers_07636,78,female
subscribers_07637,33,male
subscribers_07638,58,female
subscribers_07639,47,male
subscribers_07640,65,female
subscribers_07641,15,male
subscribers_07642,40,male
subscribers_07643,34,male
subscribers_07644,43,male
subscribers_07645,36,male
subscribers_07646,44,male
subscribers_07647,20,female
subscribers_07648,24,male
subscribers_07649,23,female
subscribers_07650,75,male
subscribers_07651,41,male
subscribers_07652,15,male
subscribers_07653,29,female
subscribers_07654,65,female
subscribers_07655,37,male
subscribers_07656,27,male
subscribers_07657,20,female
subscribers_07658,21,male
subscribers_07659,33,female
subscribers_07660,39,female
subscribers_07661,22,male
subscribers_07662,47,male
subscribers_07663,21,female
subscribers_07664,18,female
subscribers_07665,24,male
subscribers_07666,74,female
subscribers_07667,46,male
subscribers_07668,27,male
subscribers_07669,49,male
subscribers_07670,18,male
subscribers_07671,44,male
subscribers_07672,57,female
subscribers_07673,19,male
subscribers_07674,15,male
subscribers_07675,42,male
subscribers_07676,37,female
subscribers_07677,51,female
subscribers_07678,64,male
subscribers_07679,59,male
subscribers_07680,38,female
subscribers_07681,53,male
subscribers_07682,18,female
subscribers_07683,26,male
subscribers_07684,49,male
subscribers_07685,75,female
subscribers_07686,54,male
subscribers_07687,49,male
subscribers_07688,50,male
subscribers_07689,41,male
subscribers_07690,31,female
subscribers_07691,53,female
subscribers_07692,23,male
subscribers_07693,16,male
subscribers_07694,49,male
subscribers_07695,38,female
subscribers_07696,18,male
subscribers_07697,15,female
subscribers_07698,45,female
subscribers_07699,65,male
subscribers_07700,24,female
subscribers_07701,54,female
subscribers_07702,46,male
subscribers_07703,59,female
subscribers_07704,23,female
subscribers_07705,31,male
subscribers_07706,56,female
subscribers_07707,30,female
subscribers_07708,48,male
subscribers_07709,21,male
subscribers_07710,43,male
subscribers_07711,36,female
subscribers_07712,65,male
subscribers_07713,17,female
subscribers_07714,61,male
subscribers_07715,32,female
subscribers_07716,34,female
subscribers_07717,51,male
subscribers_07718,26,female
subscribers_07719,45,female
subscribers_07720,78,female
subscribers_07721,63,male
subscribers_07722,57,male
subscribers_07723,62,female
subscribers_07724,46,male
subscribers_07725,39,female
subscribers_07726,40,female
subscribers_07727,24,male
subscribers_07728,39,male
subscribers_07729,34,female
subscribers_07730,32,male
subscribers_07731,46,male
subscribers_07732,24,female
subscribers_07733,68,female
subscribers_07734,92,female
subscribers_07735,29,female
subscribers_07736,67,female
subscribers_07737,28,female
subscribers_07738,28,female
subscribers_07739,24,male
subscribers_07740,22,female
subscribers_07741,19,male
subscribers_07742,41,female
subscribers_07743,65,female
subscribers_07744,48,female
subscribers_07745,20,female
subscribers_07746,31,female
subscribers_07747,65,male
subscribers_07748,23,male
subscribers_07749,19,female
subscribers_07750,38,female
subscribers_07751,38,female
subscribers_07752,29,male
subscribers_07753,18,female
subscribers_07754,59,female
subscribers_07755,23,male
subscribers_07756,50,male
subscribers_07757,55,female
subscribers_07758,20,female
subscribers_07759,31,female
subscribers_07760,17,male
subscribers_07761,43,male
subscribers_07762,17,female
subscribers_07763,30,female
subscribers_07764,41,male
subscribers_07765,84,male
subscribers_07766,25,male
subscribers_07767,31,female
subscribers_07768,31,female
subscribers_07769,51,male
subscribers_07770,60,female
subscribers_07771,45,male
subscribers_07772,50,male
subscribers_07773,41,female
subscribers_07774,55,female
subscribers_07775,27,male
subscribers_07776,41,male
subscribers_07777,42,male
subscribers_07778,36,male
subscribers_07779,39,male
subscribers_07780,82,female
subscribers_07781,39,male
subscribers_07782,36,female
subscribers_07783,34,male
subscribers_07784,44,female
subscribers_07785,47,male
subscribers_07786,72,female
subscribers_07787,16,male
subscribers_07788,26,male
subscribers_07789,53,male
subscribers_07790,45,male
subscribers_07791,36,male
subscribers_07792,69,male
subscribers_07793,50,male
subscribers_07794,51,male
subscribers_07795,44,male
subscribers_07796,41,female
subscribers_07797,56,female
subscribers_07798,31,male
subscribers_07799,38,male
subscribers_07800,19,female
subscribers_07801,17,male
subscribers_07802,25,female
subscribers_07803,35,female
subscribers_07804,76,female
subscribers_07805,61,female
subscribers_07806,88,male
subscribers_07807,49,female
subscribers_07808,46,male
subscribers_07809,25,female
subscribers_07810,25,male
subscribers_07811,53,male
subscribers_07812,44,male
subscribers_07813,20,male
subscribers_07814,26,female
subscribers_07815,53,female
subscribers_07816,65,male
subscribers_07817,22,male
subscribers_07818,75,male
subscribers_07819,47,female
subscribers_07820,16,female
subscribers_07821,52,female
subscribers_07822,60,male
subscribers_07823,57,male
subscribers_07824,40,male
subscribers_07825,65,male
subscribers_07826,53,female
subscribers_07827,37,male
subscribers_07828,32,male
subscribers_07829,34,male
subscribers_07830,28,female
subscribers_07831,81,male
subscribers_07832,19,male
subscribers_07833,23,male
subscribers_07834,64,female
subscribers_07835,27,male
subscribers_07836,62,male
subscribers_07837,45,male
subscribers_07838,21,female
subscribers_07839,37,female
subscribers_07840,65,male
subscribers_07841,19,female
subscribers_07842,39,male
subscribers_07843,41,female
subscribers_07844,61,female
subscribers_07845,27,male
subscribers_07846,43,female
subscribers_07847,29,female
subscribers_07848,65,male
subscribers_07849,22,female
subscribers_07850,55,female
subscribers_07851,38,male
subscribers_07852,49,female
subscribers_07853,28,male
subscribers_07854,22,male
subscribers_07855,34,female
subscribers_07856,31,male
subscribers_07857,34,female
subscribers_07858,60,male
subscribers_07859,55,male
subscribers_07860,56,male
subscribers_07861,33,male
subscribers_07862,31,female
subscribers_07863,20,female
subscribers_07864,24,female
subscribers_07865,43,male
subscribers_07866,25,male
subscribers_07867,53,female
subscribers_07868,53,male
subscribers_07869,36,female
subscribers_07870,24,female
subscribers_07871,17,male
subscribers_07872,58,male
subscribers_07873,59,male
subscribers_07874,57,male
subscribers_07875,63,female
subscribers_07876,16,female
subscribers_07877,60,female
subscribers_07878,38,female
subscribers_07879,57,female
subscribers_07880,15,male
subscribers_07881,28,male
subscribers_07882,36,male
subscribers_07883,30,male
subscribers_07884,30,male
subscribers_07885,42,female
subscribers_07886,24,male
subscribers_07887,42,male
subscribers_07888,16,male
subscribers_07889,68,male
subscribers_07890,21,female
subscribers_07891,30,male
subscribers_07892,63,female
subscribers_07893,44,male
subscribers_07894,56,male
subscribers_07895,17,male
subscribers_07896,58,male
subscribers_07897,30,male
subscribers_07898,50,female
subscribers_07899,40,male
subscribers_07900,37,female
subscribers_07901,15,female
subscribers_07902,45,male
subscribers_07903,20,female
subscribers_07904,61,male
subscribers_07905,81,male
subscribers_07906,26,female
subscribers_07907,63,female
subscribers_07908,37,female
subscribers_07909,56,male
subscribers_07910,42,female
subscribers_07911,25,male
subscribers_07912,62,female
subscribers_07913,60,female
subscribers_07914,55,male
subscribers_07915,21,male
subscribers_07916,45,male
subscribers_07917,32,male
subscribers_07918,65,female
subscribers_07919,70,male
subscribers_07920,38,male
subscribers_07921,55,female
subscribers_07922,31,male
subscribers_07923,47,male
subscribers_07924,59,male
subscribers_07925,42,male
subscribers_07926,42,female
subscribers_07927,30,female
subscribers_07928,55,male
subscribers_07929,24,male
subscribers_07930,23,female
subscribers_07931,57,male
subscribers_07932,17,male
subscribers_07933,32,male
subscribers_07934,44,male
subscribers_07935,51,male
subscribers_07936,56,male
subscribers_07937,18,male
subscribers_07938,49,female
subscribers_07939,85,female
subscribers_07940,32,female
subscribers_07941,23,male
subscribers_07942,20,female
subscribers_07943,44,female
subscribers_07944,22,male
subscribers_07945,18,female
subscribers_07946,42,male
subscribers_07947,28,female
subscribers_07948,34,female
subscribers_07949,55,male
subscribers_07950,41,male
subscribers_07951,25,female
subscribers_07952,16,male
subscribers_07953,40,male
subscribers_07954,35,female
subscribers_07955,62,female
subscribers_07956,64,male
subscribers_07957,60,male
subscribers_07958,53,male
subscribers_07959,18,male
subscribers_07960,28,male
subscribers_07961,43,male
subscribers_07962,30,male
subscribers_07963,19,female
subscribers_07964,65,male
subscribers_07965,59,male
subscribers_07966,29,female
subscribers_07967,15,female
subscribers_07968,32,male
subscribers_07969,19,male
subscribers_07970,68,male
subscribers_07971,35,female
subscribers_07972,37,female
subscribers_07973,60,female
subscribers_07974,47,male
subscribers_07975,27,male
subscribers_07976,55,male
subscribers_07977,37,male
subscribers_07978,23,male
subscribers_07979,55,female
subscribers_07980,18,female
subscribers_07981,30,female
subscribers_07982,75,female
subscribers_07983,38,female
subscribers_07984,18,male
subscribers_07985,16,male
subscribers_07986,58,male
subscribers_07987,57,female
subscribers_07988,81,male
subscribers_07989,63,male
subscribers_07990,54,male
subscribers_07991,23,male
subscribers_07992,32,female
subscribers_07993,23,female
subscribers_07994,66,male
subscribers_07995,53,female
subscribers_07996,29,male
subscribers_07997,16,male
subscribers_07998,61,female
subscribers_07999,44,male
subscribers_08000,18,female
subscribers_08001,16,male
subscribers_08002,25,male
subscribers_08003,46,female
subscribers_08004,48,female
subscribers_08005,16,male
subscribers_08006,51,male
subscribers_08007,38,female
subscribers_08008,29,female
subscribers_08009,21,male
subscribers_08010,40,female
subscribers_08011,34,male
subscribers_08012,34,female
subscribers_08013,20,male
subscribers_08014,21,male
subscribers_08015,64,male
subscribers_08016,38,female
subscribers_08017,17,male
subscribers_08018,57,female
subscribers_08019,29,male
subscribers_08020,42,female
subscribers_08021,40,female
subscribers_08022,52,male
subscribers_08023,18,male
subscribers_08024,45,male
subscribers_08025,55,male
subscribers_08026,31,male
subscribers_08027,17,female
subscribers_08028,59,male
subscribers_08029,51,male
subscribers_08030,16,female
subscribers_08031,77,male
subscribers_08032,85,female
subscribers_08033,63,female
subscribers_08034,26,female
subscribers_08035,38,female
subscribers_08036,53,female
subscribers_08037,69,male
subscribers_08038,36,male
subscribers_08039,63,male
subscribers_08040,34,male
subscribers_08041,48,male
subscribers_08042,18,male
subscribers_08043,39,male
subscribers_08044,17,female
subscribers_08045,21,male
subscribers_08046,78,female
subscribers_08047,44,female
subscribers_08048,19,female
subscribers_08049,30,male
subscribers_08050,48,male
subscribers_08051,27,female
subscribers_08052,33,male
subscribers_08053,24,male
subscribers_08054,33,female
subscribers_08055,51,male
subscribers_08056,18,female
subscribers_08057,18,male
subscribers_08058,32,male
subscribers_08059,18,female
subscribers_08060,16,male
subscribers_08061,15,male
subscribers_08062,54,male
subscribers_08063,52,female
subscribers_08064,44,male
subscribers_08065,30,male
subscribers_08066,29,male
subscribers_08067,15,female
subscribers_08068,25,male
subscribers_08069,21,male
subscribers_08070,68,female
subscribers_08071,46,male
subscribers_08072,65,female
subscribers_08073,18,female
subscribers_08074,62,male
subscribers_08075,48,female
subscribers_08076,50,male
subscribers_08077,45,male
subscribers_08078,25,male
subscribers_08079,31,male
subscribers_08080,23,male
subscribers_08081,71,female
subscribers_08082,36,female
subscribers_08083,62,male
subscribers_08084,28,male
subscribers_08085,34,male
subscribers_08086,26,female
subscribers_08087,59,female
subscribers_08088,26,male
subscribers_08089,31,female
subscribers_08090,19,female
subscribers_08091,17,male
subscribers_08092,33,male
subscribers_08093,25,female
subscribers_08094,70,female
subscribers_08095,39,male
subscribers_08096,28,female
subscribers_08097,17,male
subscribers_08098,49,male
subscribers_08099,32,male
subscribers_08100,38,male
subscribers_08101,22,female
subscribers_08102,31,male
subscribers_08103,42,female
subscribers_08104,63,male
subscribers_08105,40,male
subscribers_08106,16,female
subscribers_08107,41,male
subscribers_08108,24,male
subscribers_08109,28,female
subscribers_08110,48,male
subscribers_08111,35,male
subscribers_08112,46,female
subscribers_08113,21,female
subscribers_08114,39,female
subscribers_08115,35,male
subscribers_08116,65,male
subscribers_08117,60,male
subscribers_08118,51,female
subscribers_08119,28,male
subscribers_08120,30,male
subscribers_08121,37,male
subscribers_08122,16,male
subscribers_08123,72,female
subscribers_08124,16,female
subscribers_08125,37,female
subscribers_08126,65,female
subscribers_08127,15,male
subscribers_08128,30,male
subscribers_08129,15,female
subscribers_08130,17,male
subscribers_08131,21,male
subscribers_08132,15,male
subscribers_08133,61,male
subscribers_08134,38,male
subscribers_08135,50,female
subscribers_08136,51,female
subscribers_08137,30,male
subscribers_08138,17,male
subscribers_08139,24,female
subscribers_08140,41,male
subscribers_08141,66,male
subscribers_08142,23,male
subscribers_08143,31,male
subscribers_08144,56,male
subscribers_08145,61,female
subscribers_08146,30,male
subscribers_08147,61,male
subscribers_08148,25,female
subscribers_08149,70,female
subscribers_08150,53,female
subscribers_08151,27,male
subscribers_08152,61,male
subscribers_08153,28,male
subscribers_08154,88,male
subscribers_08155,51,female
subscribers_08156,42,female
subscribers_08157,19,male
subscribers_08158,51,female
subscribers_08159,29,male
subscribers_08160,61,female
subscribers_08161,21,male
subscribers_08162,25,male
subscribers_08163,28,male
subscribers_08164,45,male
subscribers_08165,29,female
subscribers_08166,26,female
subscribers_08167,22,female
subscribers_08168,27,female
subscribers_08169,56,male
subscribers_08170,36,male
subscribers_08171,46,male
subscribers_08172,32,female
subscribers_08173,57,male
subscribers_08174,65,male
subscribers_08175,45,male
subscribers_08176,48,male
subscribers_08177,40,female
subscribers_08178,22,male
subscribers_08179,22,male
subscribers_08180,15,male
subscribers_08181,27,female
subscribers_08182,41,male
subscribers_08183,26,male
subscribers_08184,50,male
subscribers_08185,33,female
subscribers_08186,41,male
subscribers_08187,75,male
subscribers_08188,47,male
subscribers_08189,56,female
subscribers_08190,40,female
subscribers_08191,48,female
subscribers_08192,28,male
subscribers_08193,47,female
subscribers_08194,34,male
subscribers_08195,23,male
subscribers_08196,35,female
subscribers_08197,32,male
subscribers_08198,58,male
subscribers_08199,29,male
subscribers_08200,33,female
subscribers_08201,78,male
subscribers_08202,49,male
subscribers_08203,35,male
subscribers_08204,61,male
subscribers_08205,46,male
subscribers_08206,23,male
subscribers_08207,49,male
subscribers_08208,41,female
subscribers_08209,27,male
subscribers_08210,60,female
subscribers_08211,62,female
subscribers_08212,74,male
subscribers_08213,75,female
subscribers_08214,23,female
subscribers_08215,31,female
subscribers_08216,42,female
subscribers_08217,21,male
subscribers_08218,29,female
subscribers_08219,37,male
subscribers_08220,65,female
subscribers_08221,49,male
subscribers_08222,40,female
subscribers_08223,60,male
subscribers_08224,49,female
subscribers_08225,47,male
subscribers_08226,27,female
subscribers_08227,55,male
subscribers_08228,67,male
subscribers_08229,40,female
subscribers_08230,27,male
subscribers_08231,20,female
subscribers_08232,18,male
subscribers_08233,74,male
subscribers_08234,20,male
subscribers_08235,28,male
subscribers_08236,46,male
subscribers_08237,50,male
subscribers_08238,54,male
subscribers_08239,20,female
subscribers_08240,40,female
subscribers_08241,47,male
subscribers_08242,17,male
subscribers_08243,17,female
subscribers_08244,48,male
subscribers_08245,25,female
subscribers_08246,44,male
subscribers_08247,65,male
subscribers_08248,27,female
subscribers_08249,36,female
subscribers_08250,65,male
subscribers_08251,57,female
subscribers_08252,44,female
subscribers_08253,49,male
subscribers_08254,58,male
subscribers_08255,45,male
subscribers_08256,25,male
subscribers_08257,27,male
subscribers_08258,31,female
subscribers_08259,24,female
subscribers_08260,30,male
subscribers_08261,47,male
subscribers_08262,52,male
subscribers_08263,69,male
subscribers_08264,57,male
subscribers_08265,66,male
subscribers_08266,31,male
subscribers_08267,68,male
subscribers_08268,65,female
subscribers_08269,36,female
subscribers_08270,31,female
subscribers_08271,48,male
subscribers_08272,65,male
subscribers_08273,50,male
subscribers_08274,60,male
subscribers_08275,60,male
subscribers_08276,22,male
subscribers_08277,38,male
subscribers_08278,62,male
subscribers_08279,55,male
subscribers_08280,21,male
subscribers_08281,56,male
subscribers_08282,43,female
subscribers_08283,58,male
subscribers_08284,36,male
subscribers_08285,16,male
subscribers_08286,54,male
subscribers_08287,49,female
subscribers_08288,47,male
subscribers_08289,64,female
subscribers_08290,31,female
subscribers_08291,23,male
subscribers_08292,25,female
subscribers_08293,50,female
subscribers_08294,54,female
subscribers_08295,38,female
subscribers_08296,56,male
subscribers_08297,62,male
subscribers_08298,39,female
subscribers_08299,27,male
subscribers_08300,65,female
subscribers_08301,68,female
subscribers_08302,39,female
subscribers_08303,64,female
subscribers_08304,26,male
subscribers_08305,60,male
subscribers_08306,67,female
subscribers_08307,17,male
subscribers_08308,44,male
subscribers_08309,39,male
subscribers_08310,20,female
subscribers_08311,24,male
subscribers_08312,59,male
subscribers_08313,23,male
subscribers_08314,49,female
subscribers_08315,72,female
subscribers_08316,47,female
subscribers_08317,20,male
subscribers_08318,24,male
subscribers_08319,53,female
subscribers_08320,16,female
subscribers_08321,30,female
subscribers_08322,27,male
subscribers_08323,23,female
subscribers_08324,81,female
subscribers_08325,17,female
subscribers_08326,21,female
subscribers_08327,60,male
subscribers_08328,21,female
subscribers_08329,42,male
subscribers_08330,58,female
subscribers_08331,40,female
subscribers_08332,26,female
subscribers_08333,26,male
subscribers_08334,24,male
subscribers_08335,41,male
subscribers_08336,45,female
subscribers_08337,19,female
subscribers_08338,50,male
subscribers_08339,58,female
subscribers_08340,41,female
subscribers_08341,60,female
subscribers_08342,39,female
subscribers_08343,48,male
subscribers_08344,35,female
subscribers_08345,32,male
subscribers_08346,59,female
subscribers_08347,50,female
subscribers_08348,36,female
subscribers_08349,32,female
subscribers_08350,37,male
subscribers_08351,49,male
subscribers_08352,39,male
subscribers_08353,42,male
subscribers_08354,38,female
subscribers_08355,42,male
subscribers_08356,20,male
subscribers_08357,42,male
subscribers_08358,24,male
subscribers_08359,65,female
subscribers_08360,44,male
subscribers_08361,17,female
subscribers_08362,93,female
subscribers_08363,63,male
subscribers_08364,53,male
subscribers_08365,24,female
subscribers_08366,39,male
subscribers_08367,40,male
subscribers_08368,89,male
subscribers_08369,70,male
subscribers_08370,28,female
subscribers_08371,26,female
subscribers_08372,63,male
subscribers_08373,77,female
subscribers_08374,42,male
subscribers_08375,71,male
subscribers_08376,18,male
subscribers_08377,20,male
subscribers_08378,70,female
subscribers_08379,56,male
subscribers_08380,30,male
subscribers_08381,27,female
subscribers_08382,16,female
subscribers_08383,64,male
subscribers_08384,46,female
subscribers_08385,52,male
subscribers_08386,61,male
subscribers_08387,47,male
subscribers_08388,36,male
subscribers_08389,26,female
subscribers_08390,38,male
subscribers_08391,23,male
subscribers_08392,56,female
subscribers_08393,35,male
subscribers_08394,20,male
subscribers_08395,52,female
subscribers_08396,30,female
subscribers_08397,73,female
subscribers_08398,66,female
subscribers_08399,50,female
subscribers_08400,27,male
subscribers_08401,50,male
subscribers_08402,50,male
subscribers_08403,67,male
subscribers_08404,27,male
subscribers_08405,46,female
subscribers_08406,17,male
subscribers_08407,48,female
subscribers_08408,22,male
subscribers_08409,23,male
subscribers_08410,63,female
subscribers_08411,54,female
subscribers_08412,63,male
subscribers_08413,15,male
subscribers_08414,48,female
subscribers_08415,48,female
subscribers_08416,52,female
subscribers_08417,26,male
subscribers_08418,67,female
subscribers_08419,30,female
subscribers_08420,20,male
subscribers_08421,42,male
subscribers_08422,76,female
subscribers_08423,78,male
subscribers_08424,22,female
subscribers_08425,36,female
subscribers_08426,25,female
subscribers_08427,23,female
subscribers_08428,35,male
subscribers_08429,19,male
subscribers_08430,58,male
subscribers_08431,42,female
subscribers_08432,25,female
subscribers_08433,52,male
subscribers_08434,20,male
subscribers_08435,29,female
subscribers_08436,51,female
subscribers_08437,45,female
subscribers_08438,82,male
subscribers_08439,19,male
subscribers_08440,61,male
subscribers_08441,29,male
subscribers_08442,33,female
subscribers_08443,29,male
subscribers_08444,39,male
subscribers_08445,34,male
subscribers_08446,62,male
subscribers_08447,56,female
subscribers_08448,51,male
subscribers_08449,50,male
subscribers_08450,17,female
subscribers_08451,43,male
subscribers_08452,57,female
subscribers_08453,46,male
subscribers_08454,29,female
subscribers_08455,60,female
subscribers_08456,18,female
subscribers_08457,22,male
subscribers_08458,21,male
subscribers_08459,51,female
subscribers_08460,45,male
subscribers_08461,65,female
subscribers_08462,51,male
subscribers_08463,32,female
subscribers_08464,22,female
subscribers_08465,18,female
subscribers_08466,62,female
subscribers_08467,49,female
subscribers_08468,17,female
subscribers_08469,64,male
subscribers_08470,32,female
subscribers_08471,64,female
subscribers_08472,51,male
subscribers_08473,23,male
subscribers_08474,19,female
subscribers_08475,60,male
subscribers_08476,42,female
subscribers_08477,59,female
subscribers_08478,82,male
subscribers_08479,36,male
subscribers_08480,40,male
subscribers_08481,65,male
subscribers_08482,27,female
subscribers_08483,52,male
subscribers_08484,31,male
subscribers_08485,29,male
subscribers_08486,18,female
subscribers_08487,19,female
subscribers_08488,36,male
subscribers_08489,15,female
subscribers_08490,34,male
subscribers_08491,38,female
subscribers_08492,25,female
subscribers_08493,38,male
subscribers_08494,46,male
subscribers_08495,47,female
subscribers_08496,19,female
subscribers_08497,60,female
subscribers_08498,65,male
subscribers_08499,53,male
subscribers_08500,74,male
subscribers_08501,50,male
subscribers_08502,23,male
subscribers_08503,48,female
subscribers_08504,33,female
subscribers_08505,38,female
subscribers_08506,62,female
subscribers_08507,15,male
subscribers_08508,35,male
subscribers_08509,26,male
subscribers_08510,48,male
subscribers_08511,21,male
subscribers_08512,25,male
subscribers_08513,25,male
subscribers_08514,58,male
subscribers_08515,22,male
subscribers_08516,55,male
subscribers_08517,63,female
subscribers_08518,64,female
subscribers_08519,74,female
subscribers_08520,24,female
subscribers_08521,34,female
subscribers_08522,60,male
subscribers_08523,25,male
subscribers_08524,29,male
subscribers_08525,16,male
subscribers_08526,70,male
subscribers_08527,32,female
subscribers_08528,64,male
subscribers_08529,62,female
subscribers_08530,52,male
subscribers_08531,17,female
subscribers_08532,27,female
subscribers_08533,18,female
subscribers_08534,61,male
subscribers_08535,29,male
subscribers_08536,29,male
subscribers_08537,62,male
subscribers_08538,19,female
subscribers_08539,56,male
subscribers_08540,25,female
subscribers_08541,26,female
subscribers_08542,66,female
subscribers_08543,67,female
subscribers_08544,64,male
subscribers_08545,17,male
subscribers_08546,50,male
subscribers_08547,56,male
subscribers_08548,15,male
subscribers_08549,18,female
subscribers_08550,47,female
subscribers_08551,82,male
subscribers_08552,20,female
subscribers_08553,61,female
subscribers_08554,17,female
subscribers_08555,35,female
subscribers_08556,22,female
subscribers_08557,39,male
subscribers_08558,68,female
subscribers_08559,62,male
subscribers_08560,44,female
subscribers_08561,25,male
subscribers_08562,41,female
subscribers_08563,59,male
subscribers_08564,76,female
subscribers_08565,42,female
subscribers_08566,43,male
subscribers_08567,32,male
subscribers_08568,36,male
subscribers_08569,21,female
subscribers_08570,65,female
subscribers_08571,22,female
subscribers_08572,44,female
subscribers_08573,42,female
subscribers_08574,54,male
subscribers_08575,70,female
subscribers_08576,62,male
subscribers_08577,29,male
subscribers_08578,56,female
subscribers_08579,32,male
subscribers_08580,30,male
subscribers_08581,16,male
subscribers_08582,65,male
subscribers_08583,50,male
subscribers_08584,32,male
subscribers_08585,76,male
subscribers_08586,52,female
subscribers_08587,21,female
subscribers_08588,40,male
subscribers_08589,25,female
subscribers_08590,23,female
subscribers_08591,31,female
subscribers_08592,15,female
subscribers_08593,58,male
subscribers_08594,23,male
subscribers_08595,23,female
subscribers_08596,22,male
subscribers_08597,61,male
subscribers_08598,39,female
subscribers_08599,46,female
subscribers_08600,62,male
subscribers_08601,26,female
subscribers_08602,29,male
subscribers_08603,40,female
subscribers_08604,15,male
subscribers_08605,46,male
subscribers_08606,49,male
subscribers_08607,16,male
subscribers_08608,27,male
subscribers_08609,16,female
subscribers_08610,53,male
subscribers_08611,45,female
subscribers_08612,44,female
subscribers_08613,37,female
subscribers_08614,41,female
subscribers_08615,39,male
subscribers_08616,53,female
subscribers_08617,17,male
subscribers_08618,45,female
subscribers_08619,41,female
subscribers_08620,69,male
subscribers_08621,52,male
subscribers_08622,71,female
subscribers_08623,20,male
subscribers_08624,39,female
subscribers_08625,53,male
subscribers_08626,24,female
subscribers_08627,25,female
subscribers_08628,30,female
subscribers_08629,46,female
subscribers_08630,60,male
subscribers_08631,63,female
subscribers_08632,72,male
subscribers_08633,61,female
subscribers_08634,58,male
subscribers_08635,84,male
subscribers_08636,34,male
subscribers_08637,46,female
subscribers_08638,27,male
subscribers_08639,27,female
subscribers_08640,37,female
subscribers_08641,46,male
subscribers_08642,51,male
subscribers_08643,43,female
subscribers_08644,54,male
subscribers_08645,83,male
subscribers_08646,35,female
subscribers_08647,85,male
subscribers_08648,41,male
subscribers_08649,59,male
subscribers_08650,32,male
subscribers_08651,58,female
subscribers_08652,29,male
subscribers_08653,65,male
subscribers_08654,68,female
subscribers_08655,32,male
subscribers_08656,30,male
subscribers_08657,25,female
subscribers_08658,16,female
subscribers_08659,54,female
subscribers_08660,28,female
subscribers_08661,41,male
subscribers_08662,22,male
subscribers_08663,24,female
subscribers_08664,82,female
subscribers_08665,74,male
subscribers_08666,51,male
subscribers_08667,27,female
subscribers_08668,82,male
subscribers_08669,88,female
subscribers_08670,15,female
subscribers_08671,65,male
subscribers_08672,17,female
subscribers_08673,60,male
subscribers_08674,15,female
subscribers_08675,35,male
subscribers_08676,20,male
subscribers_08677,43,male
subscribers_08678,33,female
subscribers_08679,44,male
subscribers_08680,68,male
subscribers_08681,51,male
subscribers_08682,48,female
subscribers_08683,27,female
subscribers_08684,21,female
subscribers_08685,32,female
subscribers_08686,52,male
subscribers_08687,19,female
subscribers_08688,62,male
subscribers_08689,23,male
subscribers_08690,62,female
subscribers_08691,58,female
subscribers_08692,17,male
subscribers_08693,42,male
subscribers_08694,64,male
subscribers_08695,19,female
subscribers_08696,34,male
subscribers_08697,71,female
subscribers_08698,43,female
subscribers_08699,27,female
subscribers_08700,17,female
subscribers_08701,34,male
subscribers_08702,29,male
subscribers_08703,61,male
subscribers_08704,55,female
subscribers_08705,54,female
subscribers_08706,85,male
subscribers_08707,57,female
subscribers_08708,36,male
subscribers_08709,56,male
subscribers_08710,22,female
subscribers_08711,75,male
subscribers_08712,55,male
subscribers_08713,30,male
subscribers_08714,23,female
subscribers_08715,30,female
subscribers_08716,68,female
subscribers_08717,58,female
subscribers_08718,42,female
subscribers_08719,56,male
subscribers_08720,37,female
subscribers_08721,30,male
subscribers_08722,21,female
subscribers_08723,67,female
subscribers_08724,41,male
subscribers_08725,15,female
subscribers_08726,52,female
subscribers_08727,27,female
subscribers_08728,41,female
subscribers_08729,92,female
subscribers_08730,51,female
subscribers_08731,58,male
subscribers_08732,26,male
subscribers_08733,58,male
subscribers_08734,21,male
subscribers_08735,36,female
subscribers_08736,17,male
subscribers_08737,46,female
subscribers_08738,43,male
subscribers_08739,51,female
subscribers_08740,43,female
subscribers_08741,21,male
subscribers_08742,51,female
subscribers_08743,48,female
subscribers_08744,24,male
subscribers_08745,40,male
subscribers_08746,75,male
subscribers_08747,18,male
subscribers_08748,26,male
subscribers_08749,63,female
subscribers_08750,25,female
subscribers_08751,36,male
subscribers_08752,49,female
subscribers_08753,34,female
subscribers_08754,21,female
subscribers_08755,42,female
subscribers_08756,61,male
subscribers_08757,28,male
subscribers_08758,59,male
subscribers_08759,55,male
subscribers_08760,47,male
subscribers_08761,52,female
subscribers_08762,52,male
subscribers_08763,19,male
subscribers_08764,64,female
subscribers_08765,65,male
subscribers_08766,35,female
subscribers_08767,27,male
subscribers_08768,58,female
subscribers_08769,19,male
subscribers_08770,39,female
subscribers_08771,24,female
subscribers_08772,23,male
subscribers_08773,40,male
subscribers_08774,54,female
subscribers_08775,51,female
subscribers_08776,59,male
subscribers_08777,45,female
subscribers_08778,15,male
subscribers_08779,19,female
subscribers_08780,49,male
subscribers_08781,45,female
subscribers_08782,78,male
subscribers_08783,25,male
subscribers_08784,48,male
subscribers_08785,64,male
subscribers_08786,30,female
subscribers_08787,22,female
subscribers_08788,54,male
subscribers_08789,48,female
subscribers_08790,39,male
subscribers_08791,61,male
subscribers_08792,39,female
subscribers_08793,45,male
subscribers_08794,76,female
subscribers_08795,63,male
subscribers_08796,56,female
subscribers_08797,21,female
subscribers_08798,34,male
subscribers_08799,28,male
subscribers_08800,15,female
subscribers_08801,22,male
subscribers_08802,43,male
subscribers_08803,91,male
subscribers_08804,32,female
subscribers_08805,75,female
subscribers_08806,32,female
subscribers_08807,77,male
subscribers_08808,83,female
subscribers_08809,41,male
subscribers_08810,64,female
subscribers_08811,75,female
subscribers_08812,57,female
subscribers_08813,23,female
subscribers_08814,16,male
subscribers_08815,33,male
subscribers_08816,28,female
subscribers_08817,56,female
subscribers_08818,35,male
subscribers_08819,63,female
subscribers_08820,67,female
subscribers_08821,43,male
subscribers_08822,29,male
subscribers_08823,61,female
subscribers_08824,38,male
subscribers_08825,58,female
subscribers_08826,45,male
subscribers_08827,56,female
subscribers_08828,71,male
subscribers_08829,59,male
subscribers_08830,18,male
subscribers_08831,43,female
subscribers_08832,39,male
subscribers_08833,34,female
subscribers_08834,61,female
subscribers_08835,22,female
subscribers_08836,52,male
subscribers_08837,63,male
subscribers_08838,30,male
subscribers_08839,60,female
subscribers_08840,47,male
subscribers_08841,25,male
subscribers_08842,19,female
subscribers_08843,21,female
subscribers_08844,55,female
subscribers_08845,42,female
subscribers_08846,44,male
subscribers_08847,26,male
subscribers_08848,17,male
subscribers_08849,28,female
subscribers_08850,51,male
subscribers_08851,51,female
subscribers_08852,64,female
subscribers_08853,17,male
subscribers_08854,47,male
subscribers_08855,17,female
subscribers_08856,29,female
subscribers_08857,20,female
subscribers_08858,44,female
subscribers_08859,23,male
subscribers_08860,45,female
subscribers_08861,19,female
subscribers_08862,18,female
subscribers_08863,43,female
subscribers_08864,52,male
subscribers_08865,91,female
subscribers_08866,43,male
subscribers_08867,20,male
subscribers_08868,25,female
subscribers_08869,28,male
subscribers_08870,27,male
subscribers_08871,68,female
subscribers_08872,51,male
subscribers_08873,51,male
subscribers_08874,62,male
subscribers_08875,57,male
subscribers_08876,56,female
subscribers_08877,38,female
subscribers_08878,79,male
subscribers_08879,42,male
subscribers_08880,19,male
subscribers_08881,45,male
subscribers_08882,50,male
subscribers_08883,36,male
subscribers_08884,29,female
subscribers_08885,57,male
subscribers_08886,24,female
subscribers_08887,25,female
subscribers_08888,60,female
subscribers_08889,54,male
subscribers_08890,38,female
subscribers_08891,33,female
subscribers_08892,63,female
subscribers_08893,26,male
subscribers_08894,45,male
subscribers_08895,18,female
subscribers_08896,52,female
subscribers_08897,21,male
subscribers_08898,19,male
subscribers_08899,84,female
subscribers_08900,49,male
subscribers_08901,64,male
subscribers_08902,64,male
subscribers_08903,50,male
subscribers_08904,33,female
subscribers_08905,60,female
subscribers_08906,55,male
subscribers_08907,36,female
subscribers_08908,65,female
subscribers_08909,47,female
subscribers_08910,20,male
subscribers_08911,15,male
subscribers_08912,17,female
subscribers_08913,63,male
subscribers_08914,88,male
subscribers_08915,21,female
subscribers_08916,56,female
subscribers_08917,62,female
subscribers_08918,63,female
subscribers_08919,65,male
subscribers_08920,33,female
subscribers_08921,29,female
subscribers_08922,20,female
subscribers_08923,58,male
subscribers_08924,52,male
subscribers_08925,28,male
subscribers_08926,30,male
subscribers_08927,43,male
subscribers_08928,64,male
subscribers_08929,54,female
subscribers_08930,26,male
subscribers_08931,15,male
subscribers_08932,25,female
subscribers_08933,38,male
subscribers_08934,24,male
subscribers_08935,31,female
subscribers_08936,32,female
subscribers_08937,29,male
subscribers_08938,65,male
subscribers_08939,17,male
subscribers_08940,38,male
subscribers_08941,44,male
subscribers_08942,24,male
subscribers_08943,62,female
subscribers_08944,20,female
subscribers_08945,23,male
subscribers_08946,17,male
subscribers_08947,61,female
subscribers_08948,30,female
subscribers_08949,77,male
subscribers_08950,66,female
subscribers_08951,25,male
subscribers_08952,38,male
subscribers_08953,57,female
subscribers_08954,28,female
subscribers_08955,18,male
subscribers_08956,63,male
subscribers_08957,55,female
subscribers_08958,47,male
subscribers_08959,29,male
subscribers_08960,54,male
subscribers_08961,48,female
subscribers_08962,23,female
subscribers_08963,50,female
subscribers_08964,59,male
subscribers_08965,27,female
subscribers_08966,31,female
subscribers_08967,60,male
subscribers_08968,50,female
subscribers_08969,69,male
subscribers_08970,18,male
subscribers_08971,50,male
subscribers_08972,34,male
subscribers_08973,40,female
subscribers_08974,56,male
subscribers_08975,52,male
subscribers_08976,16,male
subscribers_08977,53,female
subscribers_08978,30,female
subscribers_08979,53,female
subscribers_08980,28,female
subscribers_08981,41,male
subscribers_08982,35,male
subscribers_08983,45,female
subscribers_08984,57,male
subscribers_08985,73,female
subscribers_08986,36,male
subscribers_08987,84,male
subscribers_08988,44,male
subscribers_08989,15,male
subscribers_08990,23,male
subscribers_08991,33,male
subscribers_08992,21,female
subscribers_08993,24,female
subscribers_08994,36,male
subscribers_08995,54,male
subscribers_08996,66,male
subscribers_08997,54,male
subscribers_08998,29,male
subscribers_08999,39,male
subscribers_09000,24,male
subscribers_09001,32,male
subscribers_09002,25,female
subscribers_09003,52,male
subscribers_09004,46,male
subscribers_09005,32,male
subscribers_09006,46,female
subscribers_09007,59,female
subscribers_09008,50,male
subscribers_09009,91,female
subscribers_09010,24,male
subscribers_09011,30,male
subscribers_09012,15,male
subscribers_09013,59,female
subscribers_09014,30,female
subscribers_09015,39,female
subscribers_09016,29,female
subscribers_09017,35,male
subscribers_09018,49,male
subscribers_09019,15,male
subscribers_09020,35,male
subscribers_09021,37,male
subscribers_09022,36,male
subscribers_09023,44,female
subscribers_09024,35,male
subscribers_09025,19,female
subscribers_09026,17,female
subscribers_09027,15,female
subscribers_09028,17,female
subscribers_09029,66,female
subscribers_09030,21,male
subscribers_09031,50,male
subscribers_09032,55,female
subscribers_09033,67,male
subscribers_09034,85,female
subscribers_09035,35,female
subscribers_09036,35,male
subscribers_09037,37,female
subscribers_09038,65,male
subscribers_09039,37,female
subscribers_09040,34,female
subscribers_09041,71,female
subscribers_09042,65,male
subscribers_09043,28,female
subscribers_09044,27,male
subscribers_09045,45,male
subscribers_09046,34,female
subscribers_09047,28,male
subscribers_09048,56,male
subscribers_09049,44,female
subscribers_09050,55,male
subscribers_09051,58,male
subscribers_09052,33,male
subscribers_09053,30,male
subscribers_09054,34,female
subscribers_09055,52,male
subscribers_09056,34,female
subscribers_09057,69,male
subscribers_09058,29,male
subscribers_09059,56,male
subscribers_09060,35,male
subscribers_09061,39,female
subscribers_09062,33,male
subscribers_09063,27,female
subscribers_09064,43,female
subscribers_09065,18,female
subscribers_09066,51,male
subscribers_09067,15,male
subscribers_09068,64,male
subscribers_09069,16,male
subscribers_09070,26,female
subscribers_09071,64,male
subscribers_09072,34,female
subscribers_09073,17,female
subscribers_09074,73,female
subscribers_09075,21,female
subscribers_09076,37,male
subscribers_09077,21,female
subscribers_09078,36,male
subscribers_09079,51,male
subscribers_09080,37,female
subscribers_09081,29,female
subscribers_09082,28,male
subscribers_09083,65,male
subscribers_09084,48,female
subscribers_09085,56,male
subscribers_09086,43,male
subscribers_09087,49,female
subscribers_09088,32,male
subscribers_09089,65,female
subscribers_09090,64,male
subscribers_09091,21,male
subscribers_09092,52,female
subscribers_09093,15,male
subscribers_09094,20,female
subscribers_09095,91,female
subscribers_09096,38,male
subscribers_09097,43,female
subscribers_09098,34,male
subscribers_09099,64,female
subscribers_09100,18,female
subscribers_09101,41,male
subscribers_09102,55,female
subscribers_09103,33,male
subscribers_09104,62,male
subscribers_09105,43,male
subscribers_09106,20,male
subscribers_09107,52,female
subscribers_09108,19,male
subscribers_09109,21,male
subscribers_09110,22,male
subscribers_09111,31,male
subscribers_09112,50,female
subscribers_09113,66,male
subscribers_09114,65,female
subscribers_09115,17,male
subscribers_09116,17,female
subscribers_09117,16,female
subscribers_09118,35,female
subscribers_09119,30,male
subscribers_09120,63,male
subscribers_09121,39,male
subscribers_09122,29,male
subscribers_09123,45,male
subscribers_09124,25,female
subscribers_09125,27,female
subscribers_09126,17,male
subscribers_09127,43,male
subscribers_09128,34,female
subscribers_09129,45,male
subscribers_09130,39,female
subscribers_09131,21,female
subscribers_09132,39,female
subscribers_09133,61,female
subscribers_09134,22,male
subscribers_09135,81,female
subscribers_09136,86,male
subscribers_09137,30,male
subscribers_09138,66,male
subscribers_09139,34,female
subscribers_09140,33,female
subscribers_09141,36,male
subscribers_09142,17,female
subscribers_09143,26,male
subscribers_09144,30,female
subscribers_09145,45,female
subscribers_09146,76,female
subscribers_09147,25,male
subscribers_09148,45,male
subscribers_09149,19,female
subscribers_09150,27,male
subscribers_09151,16,male
subscribers_09152,40,female
subscribers_09153,72,male
subscribers_09154,38,male
subscribers_09155,55,female
subscribers_09156,51,male
subscribers_09157,16,female
subscribers_09158,27,male
subscribers_09159,65,male
subscribers_09160,19,female
subscribers_09161,20,male
subscribers_09162,60,male
subscribers_09163,56,male
subscribers_09164,73,male
subscribers_09165,56,male
subscribers_09166,71,female
subscribers_09167,47,male
subscribers_09168,39,male
subscribers_09169,37,male
subscribers_09170,54,female
subscribers_09171,21,female
subscribers_09172,47,female
subscribers_09173,59,female
subscribers_09174,16,male
subscribers_09175,52,female
subscribers_09176,21,female
subscribers_09177,28,male
subscribers_09178,69,female
subscribers_09179,54,male
subscribers_09180,30,female
subscribers_09181,67,female
subscribers_09182,54,female
subscribers_09183,65,female
subscribers_09184,22,male
subscribers_09185,58,male
subscribers_09186,51,male
subscribers_09187,51,female
subscribers_09188,69,male
subscribers_09189,73,female
subscribers_09190,48,male
subscribers_09191,36,male
subscribers_09192,71,male
subscribers_09193,51,male
subscribers_09194,16,female
subscribers_09195,18,female
subscribers_09196,45,female
subscribers_09197,23,female
subscribers_09198,34,male
subscribers_09199,66,female
subscribers_09200,47,female
subscribers_09201,28,female
subscribers_09202,45,female
subscribers_09203,56,female
subscribers_09204,21,female
subscribers_09205,18,female
subscribers_09206,54,female
subscribers_09207,37,male
subscribers_09208,57,female
subscribers_09209,27,male
subscribers_09210,16,female
subscribers_09211,25,female
subscribers_09212,80,female
subscribers_09213,44,female
subscribers_09214,22,male
subscribers_09215,38,male
subscribers_09216,37,male
subscribers_09217,28,female
subscribers_09218,17,female
subscribers_09219,40,male
subscribers_09220,61,female
subscribers_09221,45,female
subscribers_09222,27,male
subscribers_09223,50,male
subscribers_09224,62,male
subscribers_09225,29,female
subscribers_09226,29,male
subscribers_09227,65,male
subscribers_09228,25,male
subscribers_09229,15,male
subscribers_09230,60,female
subscribers_09231,16,male
subscribers_09232,58,female
subscribers_09233,30,female
subscribers_09234,55,female
subscribers_09235,45,male
subscribers_09236,65,female
subscribers_09237,23,male
subscribers_09238,72,male
subscribers_09239,56,male
subscribers_09240,65,female
subscribers_09241,58,male
subscribers_09242,28,female
subscribers_09243,18,male
subscribers_09244,64,female
subscribers_09245,42,male
subscribers_09246,28,female
subscribers_09247,27,male
subscribers_09248,22,female
subscribers_09249,46,female
subscribers_09250,15,male
subscribers_09251,54,female
subscribers_09252,29,female
subscribers_09253,75,female
subscribers_09254,20,female
subscribers_09255,17,female
subscribers_09256,59,female
subscribers_09257,72,female
subscribers_09258,43,female
subscribers_09259,66,male
subscribers_09260,63,male
subscribers_09261,40,female
subscribers_09262,18,male
subscribers_09263,15,male
subscribers_09264,62,female
subscribers_09265,36,male
subscribers_09266,35,female
subscribers_09267,35,female
subscribers_09268,60,male
subscribers_09269,46,female
subscribers_09270,32,male
subscribers_09271,34,male
subscribers_09272,38,female
subscribers_09273,39,male
subscribers_09274,17,male
subscribers_09275,44,male
subscribers_09276,17,female
subscribers_09277,26,female
subscribers_09278,58,male
subscribers_09279,30,female
subscribers_09280,20,male
subscribers_09281,18,male
subscribers_09282,40,male
subscribers_09283,27,female
subscribers_09284,65,female
subscribers_09285,37,male
subscribers_09286,22,female
subscribers_09287,41,female
subscribers_09288,60,female
subscribers_09289,22,female
subscribers_09290,18,male
subscribers_09291,15,male
subscribers_09292,20,male
subscribers_09293,42,male
subscribers_09294,19,male
subscribers_09295,49,female
subscribers_09296,26,female
subscribers_09297,54,male
subscribers_09298,49,female
subscribers_09299,27,male
subscribers_09300,15,female
subscribers_09301,25,male
subscribers_09302,63,female
subscribers_09303,26,male
subscribers_09304,60,male
subscribers_09305,64,male
subscribers_09306,61,male
subscribers_09307,42,male
subscribers_09308,44,male
subscribers_09309,54,male
subscribers_09310,50,female
subscribers_09311,43,female
subscribers_09312,20,male
subscribers_09313,23,female
subscribers_09314,48,female
subscribers_09315,59,female
subscribers_09316,70,female
subscribers_09317,37,female
subscribers_09318,16,male
subscribers_09319,45,female
subscribers_09320,23,female
subscribers_09321,65,female
subscribers_09322,51,female
subscribers_09323,24,male
subscribers_09324,74,male
subscribers_09325,48,male
subscribers_09326,25,male
subscribers_09327,54,female
subscribers_09328,63,male
subscribers_09329,20,female
subscribers_09330,52,female
subscribers_09331,26,male
subscribers_09332,29,male
subscribers_09333,54,female
subscribers_09334,44,female
subscribers_09335,58,female
subscribers_09336,63,male
subscribers_09337,49,female
subscribers_09338,15,male
subscribers_09339,43,male
subscribers_09340,40,male
subscribers_09341,18,male
subscribers_09342,19,male
subscribers_09343,61,male
subscribers_09344,70,female
subscribers_09345,28,female
subscribers_09346,64,male
subscribers_09347,28,female
subscribers_09348,30,female
subscribers_09349,54,male
subscribers_09350,44,male
subscribers_09351,69,female
subscribers_09352,41,male
subscribers_09353,33,female
subscribers_09354,26,female
subscribers_09355,26,male
subscribers_09356,84,male
subscribers_09357,22,female
subscribers_09358,22,female
subscribers_09359,18,female
subscribers_09360,18,female
subscribers_09361,61,male
subscribers_09362,34,male
subscribers_09363,56,female
subscribers_09364,45,male
subscribers_09365,33,female
subscribers_09366,55,female
subscribers_09367,58,female
subscribers_09368,16,male
subscribers_09369,61,female
subscribers_09370,41,male
subscribers_09371,29,male
subscribers_09372,15,male
subscribers_09373,63,female
subscribers_09374,58,female
subscribers_09375,48,female
subscribers_09376,49,male
subscribers_09377,72,male
subscribers_09378,35,male
subscribers_09379,35,male
subscribers_09380,15,female
subscribers_09381,46,male
subscribers_09382,21,male
subscribers_09383,19,female
subscribers_09384,73,female
subscribers_09385,15,male
subscribers_09386,29,male
subscribers_09387,20,female
subscribers_09388,42,female
subscribers_09389,27,male
subscribers_09390,63,male
subscribers_09391,69,female
subscribers_09392,59,male
subscribers_09393,60,female
subscribers_09394,26,male
subscribers_09395,27,male
subscribers_09396,33,male
subscribers_09397,19,female
subscribers_09398,51,female
subscribers_09399,26,female
subscribers_09400,42,male
subscribers_09401,16,male
subscribers_09402,20,female
subscribers_09403,17,female
subscribers_09404,34,male
subscribers_09405,54,female
subscribers_09406,39,female
subscribers_09407,46,male
subscribers_09408,15,male
subscribers_09409,28,male
subscribers_09410,44,male
subscribers_09411,27,male
subscribers_09412,38,male
subscribers_09413,32,female
subscribers_09414,65,female
subscribers_09415,39,male
subscribers_09416,51,male
subscribers_09417,60,female
subscribers_09418,58,female
subscribers_09419,37,male
subscribers_09420,61,female
subscribers_09421,37,female
subscribers_09422,85,male
subscribers_09423,26,male
subscribers_09424,56,male
subscribers_09425,43,female
subscribers_09426,22,male
subscribers_09427,68,male
subscribers_09428,40,male
subscribers_09429,51,female
subscribers_09430,81,male
subscribers_09431,20,female
subscribers_09432,65,male
subscribers_09433,49,male
subscribers_09434,37,female
subscribers_09435,51,female
subscribers_09436,66,male
subscribers_09437,40,female
subscribers_09438,52,female
subscribers_09439,18,male
subscribers_09440,28,male
subscribers_09441,41,female
subscribers_09442,68,male
subscribers_09443,28,female
subscribers_09444,21,female
subscribers_09445,23,male
subscribers_09446,37,male
subscribers_09447,52,female
subscribers_09448,54,female
subscribers_09449,19,male
subscribers_09450,65,female
subscribers_09451,38,male
subscribers_09452,69,male
subscribers_09453,36,female
subscribers_09454,39,female
subscribers_09455,24,male
subscribers_09456,40,male
subscribers_09457,70,male
subscribers_09458,68,female
subscribers_09459,36,female
subscribers_09460,54,female
subscribers_09461,65,male
subscribers_09462,51,male
subscribers_09463,63,male
subscribers_09464,38,female
subscribers_09465,50,male
subscribers_09466,58,male
subscribers_09467,49,female
subscribers_09468,22,male
subscribers_09469,74,female
subscribers_09470,50,female
subscribers_09471,49,male
subscribers_09472,32,male
subscribers_09473,60,male
subscribers_09474,29,male
subscribers_09475,27,female
subscribers_09476,42,male
subscribers_09477,37,male
subscribers_09478,59,female
subscribers_09479,33,female
subscribers_09480,25,male
subscribers_09481,46,female
subscribers_09482,29,male
subscribers_09483,50,male
subscribers_09484,39,male
subscribers_09485,49,male
subscribers_09486,52,male
subscribers_09487,19,female
subscribers_09488,15,female
subscribers_09489,25,male
subscribers_09490,25,female
subscribers_09491,63,female
subscribers_09492,50,male
subscribers_09493,56,male
subscribers_09494,15,male
subscribers_09495,21,male
subscribers_09496,17,male
subscribers_09497,24,male
subscribers_09498,20,male
subscribers_09499,46,male
subscribers_09500,25,male
subscribers_09501,61,male
subscribers_09502,75,male
subscribers_09503,33,male
subscribers_09504,27,male
subscribers_09505,39,male
subscribers_09506,51,male
subscribers_09507,46,female
subscribers_09508,40,female
subscribers_09509,38,male
subscribers_09510,52,male
subscribers_09511,60,female
subscribers_09512,58,female
subscribers_09513,30,female
subscribers_09514,62,female
subscribers_09515,28,female
subscribers_09516,63,female
subscribers_09517,83,male
subscribers_09518,54,female
subscribers_09519,38,female
subscribers_09520,61,female
subscribers_09521,19,male
subscribers_09522,50,male
subscribers_09523,51,male
subscribers_09524,38,female
subscribers_09525,20,male
subscribers_09526,59,male
subscribers_09527,56,female
subscribers_09528,95,female
subscribers_09529,28,male
subscribers_09530,35,male
subscribers_09531,27,female
subscribers_09532,26,male
subscribers_09533,30,male
subscribers_09534,21,female
subscribers_09535,42,female
subscribers_09536,55,male
subscribers_09537,15,male
subscribers_09538,18,female
subscribers_09539,48,female
subscribers_09540,38,female
subscribers_09541,67,female
subscribers_09542,56,female
subscribers_09543,43,male
subscribers_09544,63,male
subscribers_09545,35,male
subscribers_09546,45,male
subscribers_09547,57,female
subscribers_09548,30,male
subscribers_09549,20,female
subscribers_09550,29,male
subscribers_09551,67,male
subscribers_09552,43,female
subscribers_09553,52,female
subscribers_09554,65,female
subscribers_09555,34,male
subscribers_09556,34,female
subscribers_09557,56,male
subscribers_09558,53,female
subscribers_09559,41,female
subscribers_09560,22,female
subscribers_09561,36,male
subscribers_09562,20,male
subscribers_09563,33,female
subscribers_09564,21,male
subscribers_09565,51,male
subscribers_09566,22,male
subscribers_09567,53,male
subscribers_09568,23,male
subscribers_09569,62,male
subscribers_09570,34,female
subscribers_09571,28,male
subscribers_09572,72,female
subscribers_09573,53,female
subscribers_09574,54,male
subscribers_09575,25,male
subscribers_09576,24,female
subscribers_09577,21,female
subscribers_09578,42,male
subscribers_09579,61,male
subscribers_09580,46,male
subscribers_09581,35,female
subscribers_09582,26,female
subscribers_09583,64,female
subscribers_09584,43,male
subscribers_09585,22,female
subscribers_09586,56,female
subscribers_09587,34,male
subscribers_09588,57,female
subscribers_09589,47,female
subscribers_09590,69,male
subscribers_09591,56,female
subscribers_09592,38,male
subscribers_09593,42,male
subscribers_09594,22,male
subscribers_09595,57,male
subscribers_09596,53,male
subscribers_09597,38,female
subscribers_09598,74,male
subscribers_09599,26,male
subscribers_09600,34,female
subscribers_09601,33,female
subscribers_09602,84,female
subscribers_09603,54,female
subscribers_09604,60,male
subscribers_09605,47,female
subscribers_09606,56,male
subscribers_09607,23,male
subscribers_09608,55,male
subscribers_09609,40,male
subscribers_09610,56,male
subscribers_09611,19,female
subscribers_09612,34,female
subscribers_09613,31,female
subscribers_09614,27,male
subscribers_09615,56,female
subscribers_09616,44,male
subscribers_09617,17,male
subscribers_09618,29,male
subscribers_09619,30,male
subscribers_09620,61,male
subscribers_09621,18,male
subscribers_09622,39,male
subscribers_09623,58,male
subscribers_09624,47,male
subscribers_09625,19,male
subscribers_09626,27,male
subscribers_09627,57,male
subscribers_09628,17,female
subscribers_09629,27,female
subscribers_09630,17,male
subscribers_09631,37,female
subscribers_09632,63,female
subscribers_09633,24,female
subscribers_09634,30,female
subscribers_09635,19,female
subscribers_09636,42,female
subscribers_09637,30,female
subscribers_09638,85,female
subscribers_09639,65,male
subscribers_09640,65,female
subscribers_09641,22,male
subscribers_09642,54,male
subscribers_09643,26,female
subscribers_09644,44,female
subscribers_09645,29,male
subscribers_09646,16,male
subscribers_09647,29,female
subscribers_09648,17,female
subscribers_09649,30,female
subscribers_09650,28,female
subscribers_09651,32,male
subscribers_09652,35,female
subscribers_09653,29,female
subscribers_09654,77,male
subscribers_09655,17,female
subscribers_09656,31,male
subscribers_09657,74,male
subscribers_09658,79,male
subscribers_09659,26,male
subscribers_09660,29,female
subscribers_09661,40,male
subscribers_09662,42,female
subscribers_09663,55,male
subscribers_09664,15,female
subscribers_09665,18,male
subscribers_09666,49,female
subscribers_09667,37,male
subscribers_09668,22,female
subscribers_09669,61,female
subscribers_09670,16,female
subscribers_09671,51,male
subscribers_09672,67,male
subscribers_09673,24,male
subscribers_09674,20,female
subscribers_09675,28,male
subscribers_09676,77,male
subscribers_09677,38,male
subscribers_09678,32,male
subscribers_09679,23,male
subscribers_09680,20,female
subscribers_09681,41,female
subscribers_09682,29,female
subscribers_09683,16,male
subscribers_09684,55,male
subscribers_09685,46,male
subscribers_09686,44,male
subscribers_09687,62,male
subscribers_09688,21,female
subscribers_09689,44,female
subscribers_09690,21,male
subscribers_09691,47,female
subscribers_09692,69,male
subscribers_09693,49,female
subscribers_09694,16,male
subscribers_09695,80,female
subscribers_09696,55,female
subscribers_09697,65,male
subscribers_09698,26,female
subscribers_09699,53,male
subscribers_09700,45,female
subscribers_09701,23,female
subscribers_09702,20,male
subscribers_09703,45,female
subscribers_09704,37,male
subscribers_09705,52,male
subscribers_09706,50,female
subscribers_09707,61,female
subscribers_09708,58,male
subscribers_09709,40,male
subscribers_09710,55,female
subscribers_09711,53,male
subscribers_09712,23,female
subscribers_09713,83,male
subscribers_09714,57,male
subscribers_09715,64,female
subscribers_09716,40,female
subscribers_09717,20,female
subscribers_09718,62,male
subscribers_09719,46,male
subscribers_09720,62,female
subscribers_09721,36,female
subscribers_09722,18,male
subscribers_09723,26,female
subscribers_09724,37,male
subscribers_09725,26,female
subscribers_09726,50,male
subscribers_09727,83,female
subscribers_09728,44,female
subscribers_09729,32,male
subscribers_09730,42,male
subscribers_09731,63,male
subscribers_09732,17,female
subscribers_09733,34,male
subscribers_09734,67,male
subscribers_09735,65,female
subscribers_09736,34,female
subscribers_09737,38,male
subscribers_09738,46,male
subscribers_09739,42,male
subscribers_09740,30,male
subscribers_09741,41,male
subscribers_09742,45,male
subscribers_09743,26,male
subscribers_09744,48,male
subscribers_09745,32,male
subscribers_09746,47,female
subscribers_09747,55,female
subscribers_09748,17,male
subscribers_09749,33,male
subscribers_09750,24,female
subscribers_09751,27,male
subscribers_09752,18,male
subscribers_09753,18,female
subscribers_09754,20,male
subscribers_09755,95,female
subscribers_09756,58,male
subscribers_09757,65,male
subscribers_09758,46,female
subscribers_09759,52,male
subscribers_09760,32,female
subscribers_09761,31,female
subscribers_09762,48,male
subscribers_09763,90,female
subscribers_09764,48,male
subscribers_09765,54,female
subscribers_09766,28,female
subscribers_09767,70,male
subscribers_09768,23,male
subscribers_09769,36,male
subscribers_09770,67,female
subscribers_09771,25,male
subscribers_09772,18,female
subscribers_09773,26,female
subscribers_09774,15,female
subscribers_09775,47,female
subscribers_09776,63,male
subscribers_09777,32,female
subscribers_09778,22,female
subscribers_09779,83,female
subscribers_09780,29,male
subscribers_09781,59,male
subscribers_09782,24,male
subscribers_09783,22,female
subscribers_09784,39,female
subscribers_09785,73,male
subscribers_09786,59,female
subscribers_09787,25,female
subscribers_09788,19,female
subscribers_09789,62,female
subscribers_09790,55,female
subscribers_09791,28,male
subscribers_09792,63,male
subscribers_09793,93,female
subscribers_09794,45,female
subscribers_09795,45,male
subscribers_09796,42,female
subscribers_09797,26,male
subscribers_09798,43,male
subscribers_09799,24,male
subscribers_09800,63,female
subscribers_09801,35,female
subscribers_09802,59,male
subscribers_09803,59,female
subscribers_09804,27,female
subscribers_09805,77,female
subscribers_09806,16,female
subscribers_09807,64,female
subscribers_09808,23,female
subscribers_09809,25,male
subscribers_09810,17,male
subscribers_09811,18,male
subscribers_09812,16,female
subscribers_09813,19,male
subscribers_09814,40,female
subscribers_09815,41,female
subscribers_09816,41,male
subscribers_09817,46,male
subscribers_09818,58,male
subscribers_09819,41,female
subscribers_09820,61,female
subscribers_09821,57,male
subscribers_09822,20,female
subscribers_09823,24,male
subscribers_09824,59,female
subscribers_09825,32,male
subscribers_09826,27,male
subscribers_09827,62,male
subscribers_09828,22,female
subscribers_09829,31,male
subscribers_09830,39,female
subscribers_09831,78,male
subscribers_09832,41,male
subscribers_09833,56,male
subscribers_09834,22,female
subscribers_09835,71,male
subscribers_09836,30,female
subscribers_09837,61,male
subscribers_09838,35,male
subscribers_09839,65,male
subscribers_09840,61,female
subscribers_09841,44,male
subscribers_09842,65,female
subscribers_09843,24,male
subscribers_09844,54,female
subscribers_09845,20,male
subscribers_09846,39,female
subscribers_09847,63,female
subscribers_09848,25,male
subscribers_09849,44,female
subscribers_09850,22,male
subscribers_09851,87,male
subscribers_09852,35,male
subscribers_09853,24,male
subscribers_09854,16,male
subscribers_09855,38,male
subscribers_09856,17,male
subscribers_09857,15,female
subscribers_09858,25,male
subscribers_09859,15,female
subscribers_09860,19,male
subscribers_09861,60,female
subscribers_09862,34,female
subscribers_09863,52,female
subscribers_09864,41,female
subscribers_09865,29,male
subscribers_09866,78,male
subscribers_09867,25,male
subscribers_09868,47,female
subscribers_09869,21,female
subscribers_09870,17,male
subscribers_09871,60,male
subscribers_09872,27,female
subscribers_09873,55,female
subscribers_09874,50,male
subscribers_09875,45,male
subscribers_09876,39,male
subscribers_09877,43,male
subscribers_09878,28,female
subscribers_09879,15,male
subscribers_09880,52,female
subscribers_09881,28,male
subscribers_09882,69,male
subscribers_09883,30,female
subscribers_09884,19,male
subscribers_09885,25,female
subscribers_09886,18,male
subscribers_09887,30,male
subscribers_09888,23,female
subscribers_09889,16,male
subscribers_09890,54,female
subscribers_09891,24,female
subscribers_09892,31,male
subscribers_09893,75,male
subscribers_09894,19,male
subscribers_09895,34,male
subscribers_09896,45,female
subscribers_09897,65,male
subscribers_09898,52,female
subscribers_09899,39,male
subscribers_09900,24,male
subscribers_09901,29,female
subscribers_09902,36,female
subscribers_09903,16,male
subscribers_09904,30,female
subscribers_09905,77,male
subscribers_09906,34,female
subscribers_09907,45,female
subscribers_09908,75,female
subscribers_09909,17,male
subscribers_09910,20,female
subscribers_09911,15,female
subscribers_09912,35,male
subscribers_09913,59,male
subscribers_09914,24,male
subscribers_09915,47,male
subscribers_09916,15,male
subscribers_09917,51,female
subscribers_09918,25,male
subscribers_09919,29,female
subscribers_09920,38,male
subscribers_09921,21,male
subscribers_09922,48,male
subscribers_09923,30,female
subscribers_09924,49,male
subscribers_09925,35,female
subscribers_09926,20,male
subscribers_09927,47,female
subscribers_09928,47,male
subscribers_09929,20,male
subscribers_09930,21,female
subscribers_09931,71,female
subscribers_09932,36,female
subscribers_09933,16,female
subscribers_09934,21,female
subscribers_09935,63,male
subscribers_09936,68,male
subscribers_09937,24,male
subscribers_09938,17,female
subscribers_09939,31,male
subscribers_09940,19,male
subscribers_09941,40,female
subscribers_09942,22,male
subscribers_09943,35,male
subscribers_09944,33,female
subscribers_09945,28,male
subscribers_09946,33,female
subscribers_09947,43,male
subscribers_09948,37,female
subscribers_09949,21,male
subscribers_09950,34,male
subscribers_09951,17,male
subscribers_09952,23,male
subscribers_09953,27,female
subscribers_09954,42,male
subscribers_09955,34,female
subscribers_09956,20,female
subscribers_09957,33,male
subscribers_09958,80,male
subscribers_09959,76,male
subscribers_09960,53,female
subscribers_09961,20,male
subscribers_09962,17,male
subscribers_09963,26,male
subscribers_09964,56,female
subscribers_09965,26,female
subscribers_09966,31,male
subscribers_09967,57,female
subscribers_09968,36,female
subscribers_09969,38,female
subscribers_09970,59,female
subscribers_09971,16,female
subscribers_09972,35,male
subscribers_09973,21,male
subscribers_09974,35,female
subscribers_09975,63,male
subscribers_09976,54,female
subscribers_09977,28,male
subscribers_09978,29,female
subscribers_09979,37,male
subscribers_09980,30,male
subscribers_09981,33,female
subscribers_09982,42,female
subscribers_09983,21,female
subscribers_09984,43,male
subscribers_09985,23,male
subscribers_09986,36,female
subscribers_09987,35,female
subscribers_09988,53,female
subscribers_09989,76,female
subscribers_09990,57,female
subscribers_09991,55,male
subscribers_09992,33,female
subscribers_09993,59,male
subscribers_09994,29,female
subscribers_09995,67,female
subscribers_09996,43,female
subscribers_09997,49,male
subscribers_09998,47,male
subscribers_09999,46,male
